dataset,frame_id,axis,vehicle_axis,level,unit,fov_ratio,pixel_shift_px,n_objects,inbox_in_all,inbox_total_all,inbox_in_near_0_15m,inbox_total_near_0_15m,inbox_in_mid_15_30m,inbox_total_mid_15_30m,inbox_in_far_30m_plus,inbox_total_far_30m_plus,edge_score,edge_margin
kitti_mini,000001,none,-,0.0,-,0.1549,0.0,2,88,88,0,0,0,0,88,88,0.31844,0.01434
kitti_mini,000001,yaw,yaw,0.25,deg,0.15491,3.91796,2,79,88,0,0,0,0,79,88,0.31665,0.0147
kitti_mini,000001,yaw,yaw,0.5,deg,0.1549,7.83507,2,63,88,0,0,0,0,63,88,0.30467,0.00188
kitti_mini,000001,yaw,yaw,1.0,deg,0.1549,15.66787,2,38,88,0,0,0,0,38,88,0.29232,-0.0094
kitti_mini,000001,yaw,yaw,2.0,deg,0.15493,31.33527,2,7,88,0,0,0,0,7,88,0.28268,-0.00954
kitti_mini,000001,yaw,yaw,3.0,deg,0.15495,47.01953,2,0,88,0,0,0,0,0,88,0.28528,-0.00273
kitti_mini,000001,pitch,pitch,0.25,deg,0.15332,3.29722,2,87,88,0,0,0,0,87,88,0.31259,0.008
kitti_mini,000001,pitch,pitch,0.5,deg,0.15111,6.59851,2,82,88,0,0,0,0,82,88,0.29502,-0.00726
kitti_mini,000001,pitch,pitch,1.0,deg,0.14742,13.2139,2,62,88,0,0,0,0,62,88,0.30228,-0.00602
kitti_mini,000001,pitch,pitch,2.0,deg,0.13981,26.50016,2,12,88,0,0,0,0,12,88,0.31772,0.01133
kitti_mini,000001,pitch,pitch,3.0,deg,0.13196,39.86863,2,0,88,0,0,0,0,0,88,0.29574,-0.01638
kitti_mini,000001,roll,roll,0.25,deg,0.15494,1.37157,2,88,88,0,0,0,0,88,88,0.3028,-3e-05
kitti_mini,000001,roll,roll,0.5,deg,0.15495,2.74314,2,88,88,0,0,0,0,88,88,0.29743,-0.00404
kitti_mini,000001,roll,roll,1.0,deg,0.15502,5.48623,2,88,88,0,0,0,0,88,88,0.29109,-0.00664
kitti_mini,000001,roll,roll,2.0,deg,0.15482,10.97207,2,88,88,0,0,0,0,88,88,0.29097,0.00138
kitti_mini,000001,roll,roll,3.0,deg,0.15518,16.45709,2,87,88,0,0,0,0,87,88,0.29693,0.01115
kitti_mini,000001,tx,forward,0.02,m,0.15537,0.56065,2,88,88,0,0,0,0,88,88,0.31835,0.01503
kitti_mini,000001,tx,forward,0.05,m,0.15654,1.39695,2,88,88,0,0,0,0,88,88,0.31867,0.01617
kitti_mini,000001,tx,forward,0.1,m,0.158,2.77847,2,88,88,0,0,0,0,88,88,0.3213,0.01889
kitti_mini,000001,tx,forward,0.2,m,0.16112,5.49633,2,88,88,0,0,0,0,88,88,0.31784,0.01563
kitti_mini,000001,ty,lateral,0.02,m,0.15496,1.22555,2,88,88,0,0,0,0,88,88,0.3191,0.01529
kitti_mini,000001,ty,lateral,0.05,m,0.15507,3.06386,2,87,88,0,0,0,0,87,88,0.31758,0.01482
kitti_mini,000001,ty,lateral,0.1,m,0.15515,6.12773,2,85,88,0,0,0,0,85,88,0.31054,0.0071
kitti_mini,000001,ty,lateral,0.2,m,0.15541,12.25543,2,83,88,0,0,0,0,83,88,0.29659,-0.00661
kitti_mini,000001,tz,up,0.02,m,0.15648,1.22743,2,88,88,0,0,0,0,88,88,0.3091,0.00342
kitti_mini,000001,tz,up,0.05,m,0.15869,3.06847,2,88,88,0,0,0,0,88,88,0.30127,-0.00643
kitti_mini,000001,tz,up,0.1,m,0.16205,6.1366,2,88,88,0,0,0,0,88,88,0.30225,-0.00749
kitti_mini,000001,tz,up,0.2,m,0.16936,12.27183,2,88,88,0,0,0,0,88,88,0.31464,0.0047
kitti_mini,000004,none,-,0.0,-,0.16437,0.0,2,103,103,0,0,0,0,103,103,0.32903,0.01253
kitti_mini,000004,yaw,yaw,0.25,deg,0.16434,3.90484,2,102,103,0,0,0,0,102,103,0.33166,0.01323
kitti_mini,000004,yaw,yaw,0.5,deg,0.16428,7.80908,2,97,103,0,0,0,0,97,103,0.30912,0.00198
kitti_mini,000004,yaw,yaw,1.0,deg,0.1641,15.6168,2,82,103,0,0,0,0,82,103,0.29788,-0.01454
kitti_mini,000004,yaw,yaw,2.0,deg,0.16361,31.2367,2,56,103,0,0,0,0,56,103,0.31156,0.00417
kitti_mini,000004,yaw,yaw,3.0,deg,0.16353,46.87689,2,21,103,0,0,0,0,21,103,0.30252,-0.00267
kitti_mini,000004,pitch,pitch,0.25,deg,0.16271,3.2885,2,92,103,0,0,0,0,92,103,0.32389,0.00414
kitti_mini,000004,pitch,pitch,0.5,deg,0.16043,6.58101,2,92,103,0,0,0,0,92,103,0.32699,0.00288
kitti_mini,000004,pitch,pitch,1.0,deg,0.15657,13.17864,2,25,103,0,0,0,0,25,103,0.3475,0.00954
kitti_mini,000004,pitch,pitch,2.0,deg,0.14865,26.4286,2,0,103,0,0,0,0,0,103,0.37055,0.01126
kitti_mini,000004,pitch,pitch,3.0,deg,0.14046,39.75964,2,0,103,0,0,0,0,0,103,0.3698,0.00888
kitti_mini,000004,roll,roll,0.25,deg,0.16438,1.3711,2,103,103,0,0,0,0,103,103,0.32347,0.00243
kitti_mini,000004,roll,roll,0.5,deg,0.16443,2.74219,2,103,103,0,0,0,0,103,103,0.33099,0.00592
kitti_mini,000004,roll,roll,1.0,deg,0.16431,5.48434,2,103,103,0,0,0,0,103,103,0.34365,0.01029
kitti_mini,000004,roll,roll,2.0,deg,0.16418,10.96828,2,98,103,0,0,0,0,98,103,0.35665,0.00389
kitti_mini,000004,roll,roll,3.0,deg,0.16448,16.4514,2,66,103,0,0,0,0,66,103,0.38029,0.00376
kitti_mini,000004,tx,forward,0.02,m,0.16484,0.48808,2,103,103,0,0,0,0,103,103,0.33053,0.01284
kitti_mini,000004,tx,forward,0.05,m,0.16591,1.21644,2,103,103,0,0,0,0,103,103,0.33308,0.01515
kitti_mini,000004,tx,forward,0.1,m,0.1674,2.4205,2,103,103,0,0,0,0,103,103,0.33263,0.01395
kitti_mini,000004,tx,forward,0.2,m,0.1702,4.79237,2,103,103,0,0,0,0,103,103,0.33309,0.01222
kitti_mini,000004,ty,lateral,0.02,m,0.16446,1.09451,2,103,103,0,0,0,0,103,103,0.33352,0.01539
kitti_mini,000004,ty,lateral,0.05,m,0.16447,2.73629,2,103,103,0,0,0,0,103,103,0.33353,0.01499
kitti_mini,000004,ty,lateral,0.1,m,0.16442,5.47257,2,103,103,0,0,0,0,103,103,0.33447,0.01409
kitti_mini,000004,ty,lateral,0.2,m,0.16447,10.94512,2,103,103,0,0,0,0,103,103,0.32144,0.00505
kitti_mini,000004,tz,up,0.02,m,0.16596,1.09629,2,103,103,0,0,0,0,103,103,0.32688,0.01086
kitti_mini,000004,tz,up,0.05,m,0.16811,2.74063,2,103,103,0,0,0,0,103,103,0.32383,0.00716
kitti_mini,000004,tz,up,0.1,m,0.17169,5.48097,2,103,103,0,0,0,0,103,103,0.32356,0.01102
kitti_mini,000004,tz,up,0.2,m,0.17923,10.9608,2,103,103,0,0,0,0,103,103,0.31053,0.00481
kitti_mini,000007,none,-,0.0,-,0.15817,0.0,3,235,235,0,0,191,191,44,44,0.33282,0.0094
kitti_mini,000007,yaw,yaw,0.25,deg,0.15824,3.8838,3,227,235,0,0,186,191,41,44,0.32588,0.00784
kitti_mini,000007,yaw,yaw,0.5,deg,0.15825,7.76759,3,209,235,0,0,172,191,37,44,0.31778,0.00395
kitti_mini,000007,yaw,yaw,1.0,deg,0.15789,15.53614,3,171,235,0,0,150,191,21,44,0.32176,0.0029
kitti_mini,000007,yaw,yaw,2.0,deg,0.15665,31.08456,3,99,235,0,0,98,191,1,44,0.30337,-0.01014
kitti_mini,000007,yaw,yaw,3.0,deg,0.15691,46.66221,3,42,235,0,0,42,191,0,44,0.30642,-0.00789
kitti_mini,000007,pitch,pitch,0.25,deg,0.15659,3.28678,3,212,235,0,0,170,191,42,44,0.3339,0.00479
kitti_mini,000007,pitch,pitch,0.5,deg,0.1544,6.57748,3,200,235,0,0,170,191,30,44,0.33207,-0.00243
kitti_mini,000007,pitch,pitch,1.0,deg,0.15078,13.1713,3,145,235,0,0,128,191,17,44,0.342,-0.00882
kitti_mini,000007,pitch,pitch,2.0,deg,0.14321,26.41275,3,68,235,0,0,63,191,5,44,0.39169,0.00734
kitti_mini,000007,pitch,pitch,3.0,deg,0.13546,39.73406,3,20,235,0,0,20,191,0,44,0.41373,-0.00217
kitti_mini,000007,roll,roll,0.25,deg,0.15824,1.34486,3,235,235,0,0,191,191,44,44,0.33233,0.01008
kitti_mini,000007,roll,roll,0.5,deg,0.15823,2.68972,3,235,235,0,0,191,191,44,44,0.32772,0.00477
kitti_mini,000007,roll,roll,1.0,deg,0.15821,5.37939,3,234,235,0,0,191,191,43,44,0.33094,0.00661
kitti_mini,000007,roll,roll,2.0,deg,0.15809,10.75837,3,231,235,0,0,191,191,40,44,0.32831,0.00313
kitti_mini,000007,roll,roll,3.0,deg,0.15844,16.13654,3,226,235,0,0,190,191,36,44,0.32883,-0.00194
kitti_mini,000007,tx,forward,0.02,m,0.1587,0.48639,3,235,235,0,0,191,191,44,44,0.33142,0.00827
kitti_mini,000007,tx,forward,0.05,m,0.15974,1.21207,3,235,235,0,0,191,191,44,44,0.33044,0.0081
kitti_mini,000007,tx,forward,0.1,m,0.16115,2.41127,3,235,235,0,0,191,191,44,44,0.33454,0.01027
kitti_mini,000007,tx,forward,0.2,m,0.16394,4.77206,3,235,235,0,0,191,191,44,44,0.3394,0.01415
kitti_mini,000007,ty,lateral,0.02,m,0.15828,1.08958,3,235,235,0,0,191,191,44,44,0.33302,0.00999
kitti_mini,000007,ty,lateral,0.05,m,0.15835,2.72395,3,234,235,0,0,191,191,43,44,0.3291,0.008
kitti_mini,000007,ty,lateral,0.1,m,0.15838,5.4479,3,229,235,0,0,186,191,43,44,0.33084,0.01009
kitti_mini,000007,ty,lateral,0.2,m,0.15828,10.89578,3,216,235,0,0,175,191,41,44,0.32583,0.00952
kitti_mini,000007,tz,up,0.02,m,0.15964,1.09133,3,235,235,0,0,191,191,44,44,0.33268,0.00908
kitti_mini,000007,tz,up,0.05,m,0.16158,2.72823,3,235,235,0,0,191,191,44,44,0.33108,0.00492
kitti_mini,000007,tz,up,0.1,m,0.16507,5.45616,3,235,235,0,0,191,191,44,44,0.32932,0.00377
kitti_mini,000007,tz,up,0.2,m,0.17214,10.91115,3,218,235,0,0,175,191,43,44,0.32703,0.0012
kitti_mini,000008,none,-,0.0,-,0.14066,0.0,6,5108,5127,4891,4910,164,164,53,53,0.57182,0.03387
kitti_mini,000008,yaw,yaw,0.25,deg,0.14088,3.85587,6,5096,5127,4879,4910,164,164,53,53,0.56567,0.02647
kitti_mini,000008,yaw,yaw,0.5,deg,0.14101,7.71138,6,5067,5127,4857,4910,162,164,48,53,0.54895,0.01319
kitti_mini,000008,yaw,yaw,1.0,deg,0.14129,15.42233,6,4978,5127,4796,4910,142,164,40,53,0.51981,-0.0008
kitti_mini,000008,yaw,yaw,2.0,deg,0.14185,30.85118,6,4709,5127,4593,4910,99,164,17,53,0.48559,-0.0058
kitti_mini,000008,yaw,yaw,3.0,deg,0.14227,46.30303,6,4443,5127,4378,4910,62,164,3,53,0.46728,-0.00862
kitti_mini,000008,pitch,pitch,0.25,deg,0.13916,3.31391,6,5019,5127,4816,4910,164,164,39,53,0.55978,0.03094
kitti_mini,000008,pitch,pitch,0.5,deg,0.13721,6.63127,6,4909,5127,4712,4910,158,164,39,53,0.54404,0.02104
kitti_mini,000008,pitch,pitch,1.0,deg,0.13377,13.27693,6,4641,5127,4476,4910,142,164,23,53,0.51177,-0.00026
kitti_mini,000008,pitch,pitch,2.0,deg,0.12665,26.61625,6,3979,5127,3883,4910,94,164,2,53,0.47781,0.00163
kitti_mini,000008,pitch,pitch,3.0,deg,0.11972,40.0278,6,3348,5127,3310,4910,38,164,0,53,0.44768,0.00133
kitti_mini,000008,roll,roll,0.25,deg,0.14074,1.2621,6,5105,5127,4888,4910,164,164,53,53,0.56907,0.03102
kitti_mini,000008,roll,roll,0.5,deg,0.14066,2.52419,6,5088,5127,4871,4910,164,164,53,53,0.56967,0.02807
kitti_mini,000008,roll,roll,1.0,deg,0.14063,5.04833,6,5033,5127,4825,4910,161,164,47,53,0.5645,0.01755
kitti_mini,000008,roll,roll,2.0,deg,0.14046,10.0963,6,4828,5127,4643,4910,146,164,39,53,0.5634,0.01366
kitti_mini,000008,roll,roll,3.0,deg,0.1409,15.14351,6,4603,5127,4447,4910,122,164,34,53,0.56295,0.01357
kitti_mini,000008,tx,forward,0.02,m,0.14128,0.76297,6,5126,5127,4909,4910,164,164,53,53,0.56879,0.03061
kitti_mini,000008,tx,forward,0.05,m,0.14263,1.89718,6,5127,5127,4910,4910,164,164,53,53,0.56564,0.02653
kitti_mini,000008,tx,forward,0.1,m,0.14444,3.76081,6,5127,5127,4910,4910,164,164,53,53,0.56008,0.02132
kitti_mini,000008,tx,forward,0.2,m,0.14841,7.39172,6,5127,5127,4910,4910,164,164,53,53,0.55102,0.01481
kitti_mini,000008,ty,lateral,0.02,m,0.14062,1.66206,6,5099,5127,4882,4910,164,164,53,53,0.5682,0.03019
kitti_mini,000008,ty,lateral,0.05,m,0.14057,4.15514,6,5080,5127,4863,4910,164,164,53,53,0.57196,0.03401
kitti_mini,000008,ty,lateral,0.1,m,0.14039,8.31028,6,5041,5127,4824,4910,164,164,53,53,0.54359,0.0142
kitti_mini,000008,ty,lateral,0.2,m,0.14003,16.62053,6,4953,5127,4739,4910,163,164,51,53,0.52264,0.00443
kitti_mini,000008,tz,up,0.02,m,0.14224,1.66416,6,5124,5127,4907,4910,164,164,53,53,0.56986,0.0306
kitti_mini,000008,tz,up,0.05,m,0.1445,4.16018,6,5091,5127,4874,4910,164,164,53,53,0.56413,0.01976
kitti_mini,000008,tz,up,0.1,m,0.14797,8.31967,6,4879,5127,4663,4910,164,164,52,53,0.55543,0.01011
kitti_mini,000008,tz,up,0.2,m,0.15528,16.63659,6,4551,5127,4344,4910,155,164,52,53,0.56169,0.01104
kitti_mini,000009,none,-,0.0,-,0.15663,0.0,1,219,219,0,0,219,219,0,0,0.3444,0.01567
kitti_mini,000009,yaw,yaw,0.25,deg,0.15666,3.89395,1,217,219,0,0,217,219,0,0,0.3442,0.01947
kitti_mini,000009,yaw,yaw,0.5,deg,0.15664,7.78767,1,203,219,0,0,203,219,0,0,0.34557,0.01968
kitti_mini,000009,yaw,yaw,1.0,deg,0.1565,15.57552,1,180,219,0,0,180,219,0,0,0.32119,-0.00314
kitti_mini,000009,yaw,yaw,2.0,deg,0.15639,31.16024,1,120,219,0,0,120,219,0,0,0.30627,-0.01445
kitti_mini,000009,yaw,yaw,3.0,deg,0.15639,46.77121,1,66,219,0,0,66,219,0,0,0.31308,-0.00295
kitti_mini,000009,pitch,pitch,0.25,deg,0.15508,3.28621,1,219,219,0,0,219,219,0,0,0.33993,0.00426
kitti_mini,000009,pitch,pitch,0.5,deg,0.15294,6.57636,1,194,219,0,0,194,219,0,0,0.34035,-0.00185
kitti_mini,000009,pitch,pitch,1.0,deg,0.14939,13.16911,1,163,219,0,0,163,219,0,0,0.37493,0.01305
kitti_mini,000009,pitch,pitch,2.0,deg,0.14187,26.40858,1,91,219,0,0,91,219,0,0,0.37847,0.00148
kitti_mini,000009,pitch,pitch,3.0,deg,0.13424,39.72814,1,27,219,0,0,27,219,0,0,0.35707,0.00147
kitti_mini,000009,roll,roll,0.25,deg,0.15666,1.35773,1,219,219,0,0,219,219,0,0,0.34382,0.01541
kitti_mini,000009,roll,roll,0.5,deg,0.15667,2.71545,1,219,219,0,0,219,219,0,0,0.32757,-0.00065
kitti_mini,000009,roll,roll,1.0,deg,0.15668,5.43086,1,219,219,0,0,219,219,0,0,0.31932,-0.01062
kitti_mini,000009,roll,roll,2.0,deg,0.15652,10.86132,1,219,219,0,0,219,219,0,0,0.33688,0.0055
kitti_mini,000009,roll,roll,3.0,deg,0.15676,16.29096,1,219,219,0,0,219,219,0,0,0.34571,0.00012
kitti_mini,000009,tx,forward,0.02,m,0.15706,0.47933,1,219,219,0,0,219,219,0,0,0.34445,0.01569
kitti_mini,000009,tx,forward,0.05,m,0.15813,1.1947,1,219,219,0,0,219,219,0,0,0.3456,0.0179
kitti_mini,000009,tx,forward,0.1,m,0.15947,2.37743,1,219,219,0,0,219,219,0,0,0.34194,0.0148
kitti_mini,000009,tx,forward,0.2,m,0.16235,4.70783,1,219,219,0,0,219,219,0,0,0.33937,0.01468
kitti_mini,000009,ty,lateral,0.02,m,0.15665,1.07643,1,219,219,0,0,219,219,0,0,0.34775,0.01939
kitti_mini,000009,ty,lateral,0.05,m,0.15662,2.69106,1,219,219,0,0,219,219,0,0,0.35074,0.02326
kitti_mini,000009,ty,lateral,0.1,m,0.15656,5.38213,1,217,219,0,0,217,219,0,0,0.34956,0.02301
kitti_mini,000009,ty,lateral,0.2,m,0.15649,10.76424,1,203,219,0,0,203,219,0,0,0.33762,0.01267
kitti_mini,000009,tz,up,0.02,m,0.1582,1.07816,1,219,219,0,0,219,219,0,0,0.34353,0.01594
kitti_mini,000009,tz,up,0.05,m,0.16017,2.69533,1,219,219,0,0,219,219,0,0,0.33258,0.00524
kitti_mini,000009,tz,up,0.1,m,0.16351,5.39037,1,219,219,0,0,219,219,0,0,0.31985,-0.00754
kitti_mini,000009,tz,up,0.2,m,0.17061,10.77963,1,202,219,0,0,202,219,0,0,0.31819,-0.00399
kitti_mini,000010,none,-,0.0,-,0.14208,0.0,9,2058,2064,1293,1299,745,745,20,20,0.39563,0.03786
kitti_mini,000010,yaw,yaw,0.25,deg,0.14184,3.84341,9,2062,2064,1298,1299,744,745,20,20,0.39622,0.0418
kitti_mini,000010,yaw,yaw,0.5,deg,0.14164,7.68725,9,2051,2064,1298,1299,733,745,20,20,0.36845,0.02049
kitti_mini,000010,yaw,yaw,1.0,deg,0.14126,15.37724,9,1975,2064,1291,1299,667,745,17,20,0.34854,0.00789
kitti_mini,000010,yaw,yaw,2.0,deg,0.14066,30.77355,9,1775,2064,1221,1299,549,745,5,20,0.34539,0.0123
kitti_mini,000010,yaw,yaw,3.0,deg,0.14042,46.20529,9,1536,2064,1129,1299,405,745,2,20,0.35765,0.01763
kitti_mini,000010,pitch,pitch,0.25,deg,0.14046,3.29879,9,2020,2064,1279,1299,726,745,15,20,0.37512,0.02665
kitti_mini,000010,pitch,pitch,0.5,deg,0.13823,6.60175,9,1945,2064,1265,1299,668,745,12,20,0.3486,0.01841
kitti_mini,000010,pitch,pitch,1.0,deg,0.13458,13.22077,9,1823,2064,1233,1299,584,745,6,20,0.30944,0.00547
kitti_mini,000010,pitch,pitch,2.0,deg,0.12692,26.5155,9,1348,2064,975,1299,373,745,0,20,0.26288,-0.00146
kitti_mini,000010,pitch,pitch,3.0,deg,0.11926,39.89397,9,934,2064,722,1299,212,745,0,20,0.2538,0.00355
kitti_mini,000010,roll,roll,0.25,deg,0.14208,1.30014,9,2050,2064,1286,1299,744,745,20,20,0.40802,0.04043
kitti_mini,000010,roll,roll,0.5,deg,0.14213,2.60027,9,2042,2064,1281,1299,741,745,20,20,0.41772,0.04634
kitti_mini,000010,roll,roll,1.0,deg,0.14213,5.20048,9,2003,2064,1259,1299,729,745,15,20,0.41704,0.04389
kitti_mini,000010,roll,roll,2.0,deg,0.14214,10.40055,9,1937,2064,1221,1299,701,745,15,20,0.39541,0.02244
kitti_mini,000010,roll,roll,3.0,deg,0.14243,15.5998,9,1852,2064,1162,1299,675,745,15,20,0.3673,0.00416
kitti_mini,000010,tx,forward,0.02,m,0.1424,0.51312,9,2064,2064,1299,1299,745,745,20,20,0.39813,0.03933
kitti_mini,000010,tx,forward,0.05,m,0.14352,1.27854,9,2064,2064,1299,1299,745,745,20,20,0.40112,0.04242
kitti_mini,000010,tx,forward,0.1,m,0.14481,2.54305,9,2064,2064,1299,1299,745,745,20,20,0.39525,0.03736
kitti_mini,000010,tx,forward,0.2,m,0.14755,5.03106,9,2062,2064,1297,1299,745,745,20,20,0.38486,0.02764
kitti_mini,000010,ty,lateral,0.02,m,0.14202,1.2136,9,2061,2064,1296,1299,745,745,20,20,0.39847,0.04024
kitti_mini,000010,ty,lateral,0.05,m,0.142,3.03399,9,2061,2064,1296,1299,745,745,20,20,0.39978,0.04368
kitti_mini,000010,ty,lateral,0.1,m,0.14184,6.06799,9,2060,2064,1295,1299,745,745,20,20,0.38728,0.03624
kitti_mini,000010,ty,lateral,0.2,m,0.14163,12.13596,9,2032,2064,1276,1299,736,745,20,20,0.36078,0.01567
kitti_mini,000010,tz,up,0.02,m,0.14365,1.21556,9,2058,2064,1297,1299,741,745,20,20,0.40029,0.04016
kitti_mini,000010,tz,up,0.05,m,0.14563,3.03881,9,2055,2064,1297,1299,738,745,20,20,0.40581,0.04118
kitti_mini,000010,tz,up,0.1,m,0.14912,6.07728,9,2043,2064,1285,1299,738,745,20,20,0.40442,0.03524
kitti_mini,000010,tz,up,0.2,m,0.15654,12.15321,9,1958,2064,1246,1299,692,745,20,20,0.40979,0.03538
kitti_mini,000011,none,-,0.0,-,0.18468,0.0,6,721,725,392,396,289,289,40,40,0.611,0.04624
kitti_mini,000011,yaw,yaw,0.25,deg,0.18473,3.87443,6,691,725,374,396,286,289,31,40,0.59339,0.03092
kitti_mini,000011,yaw,yaw,0.5,deg,0.18468,7.74846,6,634,725,348,396,265,289,21,40,0.56087,0.02026
kitti_mini,000011,yaw,yaw,1.0,deg,0.18473,15.4964,6,508,725,299,396,206,289,3,40,0.51886,-0.00701
kitti_mini,000011,yaw,yaw,2.0,deg,0.18484,30.99904,6,269,725,142,396,127,289,0,40,0.49908,-0.00204
kitti_mini,000011,yaw,yaw,3.0,deg,0.1847,46.52468,6,114,725,38,396,76,289,0,40,0.50046,-0.00082
kitti_mini,000011,pitch,pitch,0.25,deg,0.18295,3.28937,6,694,725,386,396,268,289,40,40,0.58813,0.03944
kitti_mini,000011,pitch,pitch,0.5,deg,0.18052,6.58251,6,637,725,361,396,240,289,36,40,0.56285,0.03295
kitti_mini,000011,pitch,pitch,1.0,deg,0.17647,13.18066,6,588,725,338,396,218,289,32,40,0.5302,0.03135
kitti_mini,000011,pitch,pitch,2.0,deg,0.168,26.42867,6,432,725,285,396,132,289,15,40,0.42801,0.02231
kitti_mini,000011,pitch,pitch,3.0,deg,0.15953,39.75376,6,324,725,240,396,84,289,0,40,0.31914,0.00743
kitti_mini,000011,roll,roll,0.25,deg,0.18471,1.32015,6,724,725,395,396,289,289,40,40,0.61294,0.04691
kitti_mini,000011,roll,roll,0.5,deg,0.1847,2.6403,6,722,725,395,396,287,289,40,40,0.61224,0.04762
kitti_mini,000011,roll,roll,1.0,deg,0.18472,5.28056,6,712,725,385,396,287,289,40,40,0.60276,0.04311
kitti_mini,000011,roll,roll,2.0,deg,0.18448,10.56073,6,668,725,359,396,269,289,40,40,0.58258,0.0329
kitti_mini,000011,roll,roll,3.0,deg,0.18489,15.8401,6,639,725,345,396,254,289,40,40,0.56207,0.02143
kitti_mini,000011,tx,forward,0.02,m,0.1852,0.53503,6,724,725,395,396,289,289,40,40,0.607,0.0428
kitti_mini,000011,tx,forward,0.05,m,0.18657,1.33315,6,724,725,396,396,289,289,39,40,0.60547,0.04293
kitti_mini,000011,tx,forward,0.1,m,0.18824,2.65174,6,722,725,395,396,288,289,39,40,0.60339,0.04278
kitti_mini,000011,tx,forward,0.2,m,0.19173,5.24628,6,705,725,383,396,284,289,38,40,0.58077,0.03024
kitti_mini,000011,ty,lateral,0.02,m,0.18472,1.18584,6,714,725,387,396,289,289,38,40,0.61558,0.04933
kitti_mini,000011,ty,lateral,0.05,m,0.18461,2.96459,6,699,725,372,396,289,289,38,40,0.61696,0.0514
kitti_mini,000011,ty,lateral,0.1,m,0.18449,5.92917,6,669,725,348,396,286,289,35,40,0.5836,0.0279
kitti_mini,000011,ty,lateral,0.2,m,0.18439,11.85833,6,593,725,299,396,266,289,28,40,0.5141,-0.00121
kitti_mini,000011,tz,up,0.02,m,0.18654,1.1876,6,724,725,395,396,289,289,40,40,0.62121,0.05129
kitti_mini,000011,tz,up,0.05,m,0.18884,2.9689,6,724,725,395,396,289,289,40,40,0.62454,0.04967
kitti_mini,000011,tz,up,0.1,m,0.19266,5.93748,6,723,725,396,396,287,289,40,40,0.61893,0.03659
kitti_mini,000011,tz,up,0.2,m,0.20089,11.87365,6,696,725,393,396,266,289,37,40,0.61644,0.02641
kitti_mini,000012,none,-,0.0,-,0.15587,0.0,2,52,52,0,0,0,0,52,52,0.55608,0.05861
kitti_mini,000012,yaw,yaw,0.25,deg,0.15587,3.88993,2,51,52,0,0,0,0,51,52,0.52855,0.0455
kitti_mini,000012,yaw,yaw,0.5,deg,0.15572,7.77863,2,48,52,0,0,0,0,48,52,0.45051,0.0104
kitti_mini,000012,yaw,yaw,1.0,deg,0.15581,15.55342,2,34,52,0,0,0,0,34,52,0.41665,-0.02079
kitti_mini,000012,yaw,yaw,2.0,deg,0.15582,31.09992,2,5,52,0,0,0,0,5,52,0.41363,0.00281
kitti_mini,000012,yaw,yaw,3.0,deg,0.15593,46.65644,2,0,52,0,0,0,0,0,52,0.40439,-0.00398
kitti_mini,000012,pitch,pitch,0.25,deg,0.15412,3.28899,2,52,52,0,0,0,0,52,52,0.5525,0.04432
kitti_mini,000012,pitch,pitch,0.5,deg,0.15195,6.58207,2,48,52,0,0,0,0,48,52,0.55838,0.04514
kitti_mini,000012,pitch,pitch,1.0,deg,0.14824,13.18113,2,19,52,0,0,0,0,19,52,0.55387,0.02975
kitti_mini,000012,pitch,pitch,2.0,deg,0.14052,26.43505,2,11,52,0,0,0,0,11,52,0.54044,0.01821
kitti_mini,000012,pitch,pitch,3.0,deg,0.1325,39.77153,2,0,52,0,0,0,0,0,52,0.54372,0.03199
kitti_mini,000012,roll,roll,0.25,deg,0.15578,1.3594,2,52,52,0,0,0,0,52,52,0.55772,0.05612
kitti_mini,000012,roll,roll,0.5,deg,0.15582,2.7188,2,52,52,0,0,0,0,52,52,0.55577,0.05361
kitti_mini,000012,roll,roll,1.0,deg,0.15587,5.43756,2,52,52,0,0,0,0,52,52,0.54352,0.03688
kitti_mini,000012,roll,roll,2.0,deg,0.15562,10.87474,2,41,52,0,0,0,0,41,52,0.53658,0.03131
kitti_mini,000012,roll,roll,3.0,deg,0.15581,16.31114,2,41,52,0,0,0,0,41,52,0.54028,0.03742
kitti_mini,000012,tx,forward,0.02,m,0.15625,0.47379,2,52,52,0,0,0,0,52,52,0.54631,0.05583
kitti_mini,000012,tx,forward,0.05,m,0.15681,1.18069,2,52,52,0,0,0,0,52,52,0.52781,0.04614
kitti_mini,000012,tx,forward,0.1,m,0.15847,2.34891,2,52,52,0,0,0,0,52,52,0.51294,0.03842
kitti_mini,000012,tx,forward,0.2,m,0.16082,4.64891,2,52,52,0,0,0,0,52,52,0.50429,0.02974
kitti_mini,000012,ty,lateral,0.02,m,0.15582,1.06535,2,52,52,0,0,0,0,52,52,0.5638,0.06458
kitti_mini,000012,ty,lateral,0.05,m,0.15583,2.66337,2,52,52,0,0,0,0,52,52,0.54964,0.06147
kitti_mini,000012,ty,lateral,0.1,m,0.15585,5.32674,2,52,52,0,0,0,0,52,52,0.51925,0.04238
kitti_mini,000012,ty,lateral,0.2,m,0.15583,10.65347,2,52,52,0,0,0,0,52,52,0.47837,0.0239
kitti_mini,000012,tz,up,0.02,m,0.15718,1.06707,2,52,52,0,0,0,0,52,52,0.55681,0.05898
kitti_mini,000012,tz,up,0.05,m,0.15915,2.66759,2,52,52,0,0,0,0,52,52,0.55124,0.05233
kitti_mini,000012,tz,up,0.1,m,0.16274,5.3349,2,52,52,0,0,0,0,52,52,0.55039,0.05202
kitti_mini,000012,tz,up,0.2,m,0.16981,10.66863,2,52,52,0,0,0,0,52,52,0.54203,0.04844
kitti_mini,000015,none,-,0.0,-,0.14956,0.0,5,2182,2227,2008,2036,174,191,0,0,0.61417,0.03267
kitti_mini,000015,yaw,yaw,0.25,deg,0.14965,3.83512,5,2125,2227,1982,2036,143,191,0,0,0.59808,0.01762
kitti_mini,000015,yaw,yaw,0.5,deg,0.14993,7.66812,5,2042,2227,1942,2036,100,191,0,0,0.58899,0.01444
kitti_mini,000015,yaw,yaw,1.0,deg,0.15044,15.32874,5,1881,2227,1858,2036,23,191,0,0,0.57144,0.00518
kitti_mini,000015,yaw,yaw,2.0,deg,0.15067,30.6356,5,1673,2227,1673,2036,0,191,0,0,0.54504,-0.00605
kitti_mini,000015,yaw,yaw,3.0,deg,0.15124,45.93674,5,1538,2227,1538,2036,0,191,0,0,0.56257,0.00817
kitti_mini,000015,pitch,pitch,0.25,deg,0.14814,3.28698,5,2127,2227,1955,2036,172,191,0,0,0.62001,0.03379
kitti_mini,000015,pitch,pitch,0.5,deg,0.14597,6.57707,5,2074,2227,1908,2036,166,191,0,0,0.61111,0.02237
kitti_mini,000015,pitch,pitch,1.0,deg,0.14265,13.16717,5,1932,2227,1789,2036,143,191,0,0,0.59471,0.00276
kitti_mini,000015,pitch,pitch,2.0,deg,0.13596,26.39126,5,1656,2227,1560,2036,96,191,0,0,0.5759,-0.00107
kitti_mini,000015,pitch,pitch,3.0,deg,0.12885,39.6819,5,1377,2227,1340,2036,37,191,0,0,0.56164,0.00765
kitti_mini,000015,roll,roll,0.25,deg,0.14956,1.26657,5,2192,2227,2018,2036,174,191,0,0,0.60913,0.03101
kitti_mini,000015,roll,roll,0.5,deg,0.14954,2.53313,5,2193,2227,2019,2036,174,191,0,0,0.60415,0.02596
kitti_mini,000015,roll,roll,1.0,deg,0.14934,5.06619,5,2190,2227,2016,2036,174,191,0,0,0.58878,0.0132
kitti_mini,000015,roll,roll,2.0,deg,0.14964,10.13193,5,2143,2227,1974,2036,169,191,0,0,0.57321,0.00412
kitti_mini,000015,roll,roll,3.0,deg,0.14971,15.19684,5,2052,2227,1890,2036,162,191,0,0,0.56526,0.00474
kitti_mini,000015,tx,forward,0.02,m,0.1504,0.74184,5,2193,2227,2019,2036,174,191,0,0,0.61545,0.03386
kitti_mini,000015,tx,forward,0.05,m,0.15168,1.8457,5,2189,2227,2015,2036,174,191,0,0,0.61375,0.03151
kitti_mini,000015,tx,forward,0.1,m,0.15337,3.66221,5,2175,2227,2002,2036,173,191,0,0,0.61027,0.02814
kitti_mini,000015,tx,forward,0.2,m,0.1573,7.21091,5,2138,2227,1967,2036,171,191,0,0,0.60089,0.02357
kitti_mini,000015,ty,lateral,0.02,m,0.14957,1.5871,5,2171,2227,1999,2036,172,191,0,0,0.60787,0.02619
kitti_mini,000015,ty,lateral,0.05,m,0.14965,3.96766,5,2145,2227,1983,2036,162,191,0,0,0.60806,0.02523
kitti_mini,000015,ty,lateral,0.1,m,0.14983,7.93505,5,2089,2227,1942,2036,147,191,0,0,0.59395,0.01697
kitti_mini,000015,ty,lateral,0.2,m,0.15018,15.86896,5,1958,2227,1850,2036,108,191,0,0,0.57568,0.00687
kitti_mini,000015,tz,up,0.02,m,0.1515,1.58626,5,2195,2227,2021,2036,174,191,0,0,0.61091,0.03219
kitti_mini,000015,tz,up,0.05,m,0.1539,3.9657,5,2195,2227,2021,2036,174,191,0,0,0.59952,0.02261
kitti_mini,000015,tz,up,0.1,m,0.1576,7.93156,5,2160,2227,1986,2036,174,191,0,0,0.57729,0.0056
kitti_mini,000015,tz,up,0.2,m,0.16525,15.86382,5,2005,2227,1835,2036,170,191,0,0,0.56693,0.00294
kitti_mini,000016,none,-,0.0,-,0.15803,0.0,5,3819,3824,1761,1766,1973,1973,85,85,0.38697,0.03121
kitti_mini,000016,yaw,yaw,0.25,deg,0.1581,3.8674,5,3789,3824,1735,1766,1973,1973,81,85,0.37154,0.01875
kitti_mini,000016,yaw,yaw,0.5,deg,0.15806,7.7337,5,3742,3824,1706,1766,1964,1973,72,85,0.36089,0.01069
kitti_mini,000016,yaw,yaw,1.0,deg,0.15805,15.46401,5,3630,3824,1642,1766,1932,1973,56,85,0.34834,-0.0091
kitti_mini,000016,yaw,yaw,2.0,deg,0.15816,30.92275,5,3411,3824,1516,1766,1872,1973,23,85,0.35838,-0.00037
kitti_mini,000016,yaw,yaw,3.0,deg,0.1583,46.39282,5,3200,3824,1397,1766,1802,1973,1,85,0.35411,-0.0097
kitti_mini,000016,pitch,pitch,0.25,deg,0.15644,3.30305,5,3793,3824,1735,1766,1973,1973,85,85,0.37893,0.01842
kitti_mini,000016,pitch,pitch,0.5,deg,0.15412,6.61017,5,3739,3824,1705,1766,1973,1973,61,85,0.36508,0.00084
kitti_mini,000016,pitch,pitch,1.0,deg,0.15021,13.23717,5,3654,3824,1643,1766,1973,1973,38,85,0.37399,0.00358
kitti_mini,000016,pitch,pitch,2.0,deg,0.1422,26.54656,5,3429,3824,1493,1766,1932,1973,4,85,0.40716,0.02758
kitti_mini,000016,pitch,pitch,3.0,deg,0.13403,39.938,5,3036,3824,1303,1766,1733,1973,0,85,0.353,-0.00229
kitti_mini,000016,roll,roll,0.25,deg,0.15799,1.31174,5,3824,3824,1766,1766,1973,1973,85,85,0.37985,0.02642
kitti_mini,000016,roll,roll,0.5,deg,0.15803,2.62348,5,3822,3824,1764,1766,1973,1973,85,85,0.36931,0.0152
kitti_mini,000016,roll,roll,1.0,deg,0.15808,5.24693,5,3818,3824,1760,1766,1973,1973,85,85,0.36215,0.01731
kitti_mini,000016,roll,roll,2.0,deg,0.15777,10.4935,5,3795,3824,1740,1766,1973,1973,82,85,0.33985,0.01167
kitti_mini,000016,roll,roll,3.0,deg,0.15814,15.73931,5,3698,3824,1652,1766,1973,1973,73,85,0.30977,8e-05
kitti_mini,000016,tx,forward,0.02,m,0.15861,0.60579,5,3823,3824,1765,1766,1973,1973,85,85,0.38347,0.02735
kitti_mini,000016,tx,forward,0.05,m,0.15991,1.50828,5,3824,3824,1766,1766,1973,1973,85,85,0.38308,0.02767
kitti_mini,000016,tx,forward,0.1,m,0.16153,2.99614,5,3824,3824,1766,1766,1973,1973,85,85,0.38026,0.02641
kitti_mini,000016,tx,forward,0.2,m,0.16511,5.9125,5,3824,3824,1766,1766,1973,1973,85,85,0.38333,0.03151
kitti_mini,000016,ty,lateral,0.02,m,0.15803,1.32699,5,3808,3824,1750,1766,1973,1973,85,85,0.38728,0.03255
kitti_mini,000016,ty,lateral,0.05,m,0.15791,3.31748,5,3784,3824,1726,1766,1973,1973,85,85,0.38548,0.03302
kitti_mini,000016,ty,lateral,0.1,m,0.15779,6.63496,5,3743,3824,1685,1766,1973,1973,85,85,0.37282,0.02398
kitti_mini,000016,ty,lateral,0.2,m,0.15758,13.2699,5,3648,3824,1601,1766,1967,1973,80,85,0.35651,0.00983
kitti_mini,000016,tz,up,0.02,m,0.1598,1.3291,5,3824,3824,1766,1766,1973,1973,85,85,0.38158,0.02585
kitti_mini,000016,tz,up,0.05,m,0.16222,3.32261,5,3824,3824,1766,1766,1973,1973,85,85,0.378,0.0254
kitti_mini,000016,tz,up,0.1,m,0.16581,6.64479,5,3824,3824,1766,1766,1973,1973,85,85,0.37311,0.01982
kitti_mini,000016,tz,up,0.2,m,0.17377,13.28785,5,3728,3824,1670,1766,1973,1973,85,85,0.35457,0.0112
kitti_mini,000019,none,-,0.0,-,0.16242,0.0,4,6223,6228,6098,6103,0,0,125,125,0.56927,0.04132
kitti_mini,000019,yaw,yaw,0.25,deg,0.16255,3.90831,4,6170,6228,6047,6103,0,0,123,125,0.54726,0.03067
kitti_mini,000019,yaw,yaw,0.5,deg,0.16274,7.81563,4,6113,6228,6001,6103,0,0,112,125,0.51795,0.01692
kitti_mini,000019,yaw,yaw,1.0,deg,0.163,15.62839,4,5993,6228,5909,6103,0,0,84,125,0.47276,-0.01205
kitti_mini,000019,yaw,yaw,2.0,deg,0.16346,31.25384,4,5691,6228,5649,6103,0,0,42,125,0.46087,0.00115
kitti_mini,000019,yaw,yaw,3.0,deg,0.16367,46.89351,4,5394,6228,5381,6103,0,0,13,125,0.44461,0.00116
kitti_mini,000019,pitch,pitch,0.25,deg,0.16083,3.32837,4,6184,6228,6068,6103,0,0,116,125,0.5596,0.03897
kitti_mini,000019,pitch,pitch,0.5,deg,0.15867,6.66034,4,6152,6228,6040,6103,0,0,112,125,0.5463,0.03681
kitti_mini,000019,pitch,pitch,1.0,deg,0.15503,13.3357,4,5997,6228,5931,6103,0,0,66,125,0.49812,0.0083
kitti_mini,000019,pitch,pitch,2.0,deg,0.1472,26.7364,4,5644,6228,5632,6103,0,0,12,125,0.4303,-0.00381
kitti_mini,000019,pitch,pitch,3.0,deg,0.13926,40.21207,4,5362,6228,5362,6103,0,0,0,125,0.36779,-0.00411
kitti_mini,000019,roll,roll,0.25,deg,0.16248,1.32294,4,6226,6228,6101,6103,0,0,125,125,0.57408,0.04446
kitti_mini,000019,roll,roll,0.5,deg,0.16249,2.64588,4,6219,6228,6094,6103,0,0,125,125,0.57096,0.04069
kitti_mini,000019,roll,roll,1.0,deg,0.16228,5.29173,4,6212,6228,6087,6103,0,0,125,125,0.55988,0.03356
kitti_mini,000019,roll,roll,2.0,deg,0.16204,10.58309,4,6182,6228,6057,6103,0,0,125,125,0.54074,0.02563
kitti_mini,000019,roll,roll,3.0,deg,0.16234,15.87368,4,6140,6228,6019,6103,0,0,121,125,0.51454,0.01015
kitti_mini,000019,tx,forward,0.02,m,0.16315,0.9237,4,6228,6228,6103,6103,0,0,125,125,0.5739,0.04522
kitti_mini,000019,tx,forward,0.05,m,0.16451,2.29599,4,6228,6228,6103,6103,0,0,125,125,0.56981,0.0421
kitti_mini,000019,tx,forward,0.1,m,0.16659,4.54856,4,6228,6228,6103,6103,0,0,125,125,0.5681,0.04427
kitti_mini,000019,tx,forward,0.2,m,0.17056,8.92914,4,6228,6228,6103,6103,0,0,125,125,0.55131,0.03314
kitti_mini,000019,ty,lateral,0.02,m,0.16236,1.84538,4,6193,6228,6068,6103,0,0,125,125,0.55983,0.03632
kitti_mini,000019,ty,lateral,0.05,m,0.1622,4.61344,4,6145,6228,6020,6103,0,0,125,125,0.54841,0.02786
kitti_mini,000019,ty,lateral,0.1,m,0.16204,9.22687,4,6069,6228,5944,6103,0,0,125,125,0.53349,0.02067
kitti_mini,000019,ty,lateral,0.2,m,0.16133,18.45369,4,5872,6228,5749,6103,0,0,123,125,0.48758,-0.00504
kitti_mini,000019,tz,up,0.02,m,0.16415,1.84738,4,6228,6228,6103,6103,0,0,125,125,0.57229,0.04267
kitti_mini,000019,tz,up,0.05,m,0.16607,4.61821,4,6206,6228,6081,6103,0,0,125,125,0.57189,0.03831
kitti_mini,000019,tz,up,0.1,m,0.17012,9.23559,4,6168,6228,6043,6103,0,0,125,125,0.56029,0.02526
kitti_mini,000019,tz,up,0.2,m,0.17797,18.46785,4,6075,6228,5950,6103,0,0,125,125,0.5553,0.02252
kitti_mini,000021,none,-,0.0,-,0.15826,0.0,8,2595,2605,1026,1036,1491,1491,78,78,0.50331,0.04239
kitti_mini,000021,yaw,yaw,0.25,deg,0.15831,3.88722,8,2602,2605,1034,1036,1491,1491,77,78,0.50103,0.04111
kitti_mini,000021,yaw,yaw,0.5,deg,0.15821,7.77449,8,2600,2605,1036,1036,1489,1491,75,78,0.46946,0.02662
kitti_mini,000021,yaw,yaw,1.0,deg,0.15829,15.55029,8,2534,2605,1031,1036,1435,1491,68,78,0.43098,-0.02421
kitti_mini,000021,yaw,yaw,2.0,deg,0.1584,31.1142,8,2367,2605,975,1036,1350,1491,42,78,0.39307,-0.0095
kitti_mini,000021,yaw,yaw,3.0,deg,0.15857,46.70869,8,2097,2605,903,1036,1184,1491,10,78,0.37884,-0.00059
kitti_mini,000021,pitch,pitch,0.25,deg,0.15674,3.29671,8,2515,2605,990,1036,1449,1491,76,78,0.49431,0.02335
kitti_mini,000021,pitch,pitch,0.5,deg,0.15461,6.59712,8,2422,2605,963,1036,1393,1491,66,78,0.4932,0.02027
kitti_mini,000021,pitch,pitch,1.0,deg,0.15113,13.20966,8,2186,2605,881,1036,1247,1491,58,78,0.49891,0.00681
kitti_mini,000021,pitch,pitch,2.0,deg,0.14365,26.48586,8,1729,2605,748,1036,946,1491,35,78,0.51358,0.01146
kitti_mini,000021,pitch,pitch,3.0,deg,0.13617,39.83835,8,1276,2605,594,1036,668,1491,14,78,0.50405,0.00736
kitti_mini,000021,roll,roll,0.25,deg,0.15828,1.33261,8,2581,2605,1020,1036,1483,1491,78,78,0.50296,0.04038
kitti_mini,000021,roll,roll,0.5,deg,0.15831,2.66521,8,2581,2605,1020,1036,1483,1491,78,78,0.50833,0.04238
kitti_mini,000021,roll,roll,1.0,deg,0.15826,5.33036,8,2520,2605,1006,1036,1436,1491,78,78,0.49707,0.02314
kitti_mini,000021,roll,roll,2.0,deg,0.15819,10.66031,8,2401,2605,972,1036,1351,1491,78,78,0.48786,0.01239
kitti_mini,000021,roll,roll,3.0,deg,0.15846,15.98945,8,2260,2605,945,1036,1245,1491,70,78,0.48896,0.00651
kitti_mini,000021,tx,forward,0.02,m,0.15893,0.60188,8,2605,2605,1036,1036,1491,1491,78,78,0.51188,0.0468
kitti_mini,000021,tx,forward,0.05,m,0.16015,1.49933,8,2605,2605,1036,1036,1491,1491,78,78,0.51907,0.05128
kitti_mini,000021,tx,forward,0.1,m,0.16182,2.98093,8,2605,2605,1036,1036,1491,1491,78,78,0.50377,0.03297
kitti_mini,000021,tx,forward,0.2,m,0.16541,5.89244,8,2605,2605,1036,1036,1491,1491,78,78,0.48386,0.0267
kitti_mini,000021,ty,lateral,0.02,m,0.15837,1.31848,8,2603,2605,1034,1036,1491,1491,78,78,0.51534,0.04838
kitti_mini,000021,ty,lateral,0.05,m,0.15843,3.2962,8,2603,2605,1034,1036,1491,1491,78,78,0.52569,0.05855
kitti_mini,000021,ty,lateral,0.1,m,0.15866,6.59239,8,2602,2605,1033,1036,1491,1491,78,78,0.48292,0.02856
kitti_mini,000021,ty,lateral,0.2,m,0.15901,13.18475,8,2598,2605,1031,1036,1490,1491,77,78,0.46326,0.01348
kitti_mini,000021,tz,up,0.02,m,0.15984,1.32029,8,2598,2605,1029,1036,1491,1491,78,78,0.50251,0.0409
kitti_mini,000021,tz,up,0.05,m,0.1619,3.3006,8,2594,2605,1027,1036,1489,1491,78,78,0.49147,0.03262
kitti_mini,000021,tz,up,0.1,m,0.16502,6.60082,8,2533,2605,994,1036,1469,1491,70,78,0.46642,0.01649
kitti_mini,000021,tz,up,0.2,m,0.17197,13.2001,8,2410,2605,928,1036,1418,1491,64,78,0.4583,0.01276
kitti_mini,000023,none,-,0.0,-,0.15436,0.0,3,107,107,0,0,0,0,107,107,0.32457,0.019
kitti_mini,000023,yaw,yaw,0.25,deg,0.15434,3.91829,3,99,107,0,0,0,0,99,107,0.32149,0.0138
kitti_mini,000023,yaw,yaw,0.5,deg,0.15435,7.83575,3,84,107,0,0,0,0,84,107,0.3105,0.00277
kitti_mini,000023,yaw,yaw,1.0,deg,0.15433,15.66921,3,50,107,0,0,0,0,50,107,0.30316,-0.00894
kitti_mini,000023,yaw,yaw,2.0,deg,0.1544,31.33793,3,10,107,0,0,0,0,10,107,0.29548,-0.01058
kitti_mini,000023,yaw,yaw,3.0,deg,0.15442,47.02349,3,0,107,0,0,0,0,0,107,0.308,0.00391
kitti_mini,000023,pitch,pitch,0.25,deg,0.15279,3.29806,3,100,107,0,0,0,0,100,107,0.31263,0.00646
kitti_mini,000023,pitch,pitch,0.5,deg,0.15056,6.6002,3,98,107,0,0,0,0,98,107,0.29559,-0.00749
kitti_mini,000023,pitch,pitch,1.0,deg,0.14683,13.21732,3,61,107,0,0,0,0,61,107,0.28893,-0.0193
kitti_mini,000023,pitch,pitch,2.0,deg,0.13927,26.50715,3,12,107,0,0,0,0,12,107,0.31339,0.00467
kitti_mini,000023,pitch,pitch,3.0,deg,0.13152,39.87935,3,0,107,0,0,0,0,0,107,0.31819,-0.00536
kitti_mini,000023,roll,roll,0.25,deg,0.15437,1.37033,3,107,107,0,0,0,0,107,107,0.31126,0.00706
kitti_mini,000023,roll,roll,0.5,deg,0.15438,2.74065,3,107,107,0,0,0,0,107,107,0.29938,-0.00405
kitti_mini,000023,roll,roll,1.0,deg,0.15435,5.48125,3,105,107,0,0,0,0,105,107,0.29446,-0.00578
kitti_mini,000023,roll,roll,2.0,deg,0.15415,10.9621,3,105,107,0,0,0,0,105,107,0.28196,-0.01099
kitti_mini,000023,roll,roll,3.0,deg,0.15459,16.44214,3,105,107,0,0,0,0,105,107,0.30156,0.01055
kitti_mini,000023,tx,forward,0.02,m,0.1548,0.5685,3,107,107,0,0,0,0,107,107,0.32605,0.02073
kitti_mini,000023,tx,forward,0.05,m,0.15591,1.41641,3,107,107,0,0,0,0,107,107,0.32463,0.01901
kitti_mini,000023,tx,forward,0.1,m,0.15748,2.81684,3,107,107,0,0,0,0,107,107,0.32718,0.02164
kitti_mini,000023,tx,forward,0.2,m,0.16064,5.57101,3,107,107,0,0,0,0,107,107,0.32853,0.02221
kitti_mini,000023,ty,lateral,0.02,m,0.1544,1.23927,3,107,107,0,0,0,0,107,107,0.32351,0.01759
kitti_mini,000023,ty,lateral,0.05,m,0.15452,3.09818,3,107,107,0,0,0,0,107,107,0.32204,0.01561
kitti_mini,000023,ty,lateral,0.1,m,0.1546,6.19636,3,105,107,0,0,0,0,105,107,0.32216,0.01429
kitti_mini,000023,ty,lateral,0.2,m,0.15498,12.39271,3,101,107,0,0,0,0,101,107,0.30586,-0.00098
kitti_mini,000023,tz,up,0.02,m,0.15596,1.24118,3,107,107,0,0,0,0,107,107,0.31624,0.00974
kitti_mini,000023,tz,up,0.05,m,0.15816,3.10284,3,107,107,0,0,0,0,107,107,0.30859,-0.00401
kitti_mini,000023,tz,up,0.1,m,0.1615,6.20533,3,107,107,0,0,0,0,107,107,0.30871,-0.00389
kitti_mini,000023,tz,up,0.2,m,0.16882,12.40924,3,105,107,0,0,0,0,105,107,0.32469,0.00671
kitti_mini,000025,none,-,0.0,-,0.1514,0.0,6,1684,1686,1259,1261,343,343,82,82,0.57866,0.03569
kitti_mini,000025,yaw,yaw,0.25,deg,0.15139,3.81182,6,1678,1686,1261,1261,342,343,75,82,0.58284,0.03419
kitti_mini,000025,yaw,yaw,0.5,deg,0.15144,7.6235,6,1645,1686,1258,1261,326,343,61,82,0.56394,0.01961
kitti_mini,000025,yaw,yaw,1.0,deg,0.15149,15.24746,6,1578,1686,1235,1261,295,343,48,82,0.5418,-0.00117
kitti_mini,000025,yaw,yaw,2.0,deg,0.1515,30.50463,6,1405,1686,1147,1261,233,343,25,82,0.53764,0.01469
kitti_mini,000025,yaw,yaw,3.0,deg,0.15127,45.78738,6,1234,1686,1061,1261,165,343,8,82,0.51021,-0.00055
kitti_mini,000025,pitch,pitch,0.25,deg,0.15016,3.29735,6,1657,1686,1243,1261,343,343,71,82,0.57902,0.03671
kitti_mini,000025,pitch,pitch,0.5,deg,0.14831,6.59796,6,1636,1686,1234,1261,331,343,71,82,0.55763,0.01483
kitti_mini,000025,pitch,pitch,1.0,deg,0.14538,13.20957,6,1557,1686,1211,1261,300,343,46,82,0.52968,-0.0097
kitti_mini,000025,pitch,pitch,2.0,deg,0.1395,26.47853,6,1371,1686,1167,1261,197,343,7,82,0.52698,0.02238
kitti_mini,000025,pitch,pitch,3.0,deg,0.1331,39.81651,6,1095,1686,983,1261,112,343,0,82,0.47758,0.0042
kitti_mini,000025,roll,roll,0.25,deg,0.15156,1.23288,6,1679,1686,1254,1261,343,343,82,82,0.58302,0.03928
kitti_mini,000025,roll,roll,0.5,deg,0.15164,2.46576,6,1676,1686,1251,1261,343,343,82,82,0.58608,0.0372
kitti_mini,000025,roll,roll,1.0,deg,0.152,4.93147,6,1666,1686,1241,1261,343,343,82,82,0.57219,0.01798
kitti_mini,000025,roll,roll,2.0,deg,0.15238,9.86257,6,1647,1686,1228,1261,337,343,82,82,0.56992,0.01223
kitti_mini,000025,roll,roll,3.0,deg,0.1536,14.79292,6,1608,1686,1203,1261,327,343,78,82,0.57105,0.01394
kitti_mini,000025,tx,forward,0.02,m,0.15186,0.68463,6,1686,1686,1261,1261,343,343,82,82,0.57567,0.03321
kitti_mini,000025,tx,forward,0.05,m,0.15285,1.7032,6,1686,1686,1261,1261,343,343,82,82,0.57217,0.03169
kitti_mini,000025,tx,forward,0.1,m,0.1545,3.37899,6,1686,1686,1261,1261,343,343,82,82,0.5684,0.02796
kitti_mini,000025,tx,forward,0.2,m,0.15746,6.65167,6,1686,1686,1261,1261,343,343,82,82,0.55666,0.01733
kitti_mini,000025,ty,lateral,0.02,m,0.15139,1.49173,6,1684,1686,1259,1261,343,343,82,82,0.58527,0.0411
kitti_mini,000025,ty,lateral,0.05,m,0.15149,3.72932,6,1682,1686,1257,1261,343,343,82,82,0.57381,0.03029
kitti_mini,000025,ty,lateral,0.1,m,0.15154,7.45864,6,1677,1686,1254,1261,342,343,81,82,0.56912,0.02364
kitti_mini,000025,ty,lateral,0.2,m,0.1516,14.91725,6,1608,1686,1216,1261,321,343,71,82,0.54728,0.0071
kitti_mini,000025,tz,up,0.02,m,0.15275,1.49354,6,1686,1686,1261,1261,343,343,82,82,0.58615,0.04128
kitti_mini,000025,tz,up,0.05,m,0.15446,3.73368,6,1686,1686,1261,1261,343,343,82,82,0.57914,0.03018
kitti_mini,000025,tz,up,0.1,m,0.15805,7.4668,6,1676,1686,1261,1261,336,343,79,82,0.56269,0.01205
kitti_mini,000025,tz,up,0.2,m,0.16454,14.93137,6,1560,1686,1159,1261,322,343,79,82,0.55456,0.00592
kitti_mini,000031,none,-,0.0,-,0.15579,0.0,6,3074,3074,2573,2573,469,469,32,32,0.48949,0.05035
kitti_mini,000031,yaw,yaw,0.25,deg,0.15566,3.89195,6,3069,3074,2571,2573,466,469,32,32,0.48327,0.04524
kitti_mini,000031,yaw,yaw,0.5,deg,0.15563,7.78427,6,3040,3074,2561,2573,451,469,28,32,0.4496,0.03077
kitti_mini,000031,yaw,yaw,1.0,deg,0.1553,15.57109,6,2941,3074,2508,2573,414,469,19,32,0.41136,-0.00909
kitti_mini,000031,yaw,yaw,2.0,deg,0.15486,31.16085,6,2638,3074,2312,2573,323,469,3,32,0.40283,0.00168
kitti_mini,000031,yaw,yaw,3.0,deg,0.15443,46.78633,6,2343,3074,2105,2573,238,469,0,32,0.39182,-0.01298
kitti_mini,000031,pitch,pitch,0.25,deg,0.15415,3.29517,6,3065,3074,2568,2573,466,469,31,32,0.47878,0.03841
kitti_mini,000031,pitch,pitch,0.5,deg,0.15208,6.5941,6,3016,3074,2548,2573,445,469,23,32,0.46693,0.02823
kitti_mini,000031,pitch,pitch,1.0,deg,0.14852,13.20381,6,2909,3074,2490,2573,405,469,14,32,0.44483,0.00813
kitti_mini,000031,pitch,pitch,2.0,deg,0.14125,26.47492,6,2589,3074,2257,2573,331,469,1,32,0.43164,0.01169
kitti_mini,000031,pitch,pitch,3.0,deg,0.13358,39.82308,6,2175,3074,1887,2573,288,469,0,32,0.40557,0.00572
kitti_mini,000031,roll,roll,0.25,deg,0.15574,1.33464,6,3074,3074,2573,2573,469,469,32,32,0.49012,0.05367
kitti_mini,000031,roll,roll,0.5,deg,0.1558,2.66927,6,3069,3074,2568,2573,469,469,32,32,0.48507,0.04859
kitti_mini,000031,roll,roll,1.0,deg,0.15588,5.33848,6,3058,3074,2557,2573,469,469,32,32,0.47446,0.0371
kitti_mini,000031,roll,roll,2.0,deg,0.15593,10.67654,6,3015,3074,2514,2573,469,469,32,32,0.44288,0.01402
kitti_mini,000031,roll,roll,3.0,deg,0.15637,16.01377,6,2946,3074,2446,2573,468,469,32,32,0.41676,0.00042
kitti_mini,000031,tx,forward,0.02,m,0.15626,0.58054,6,3074,3074,2573,2573,469,469,32,32,0.49377,0.0545
kitti_mini,000031,tx,forward,0.05,m,0.1572,1.44587,6,3074,3074,2573,2573,469,469,32,32,0.49856,0.05949
kitti_mini,000031,tx,forward,0.1,m,0.15878,2.87372,6,3074,3074,2573,2573,469,469,32,32,0.48877,0.05032
kitti_mini,000031,tx,forward,0.2,m,0.16176,5.67709,6,3074,3074,2573,2573,469,469,32,32,0.45926,0.03265
kitti_mini,000031,ty,lateral,0.02,m,0.1558,1.26837,6,3074,3074,2573,2573,469,469,32,32,0.4961,0.05735
kitti_mini,000031,ty,lateral,0.05,m,0.15577,3.17092,6,3073,3074,2572,2573,469,469,32,32,0.4901,0.04969
kitti_mini,000031,ty,lateral,0.1,m,0.15577,6.34183,6,3063,3074,2564,2573,467,469,32,32,0.46995,0.03806
kitti_mini,000031,ty,lateral,0.2,m,0.15577,12.68364,6,3006,3074,2521,2573,453,469,32,32,0.42005,0.00461
kitti_mini,000031,tz,up,0.02,m,0.15719,1.2702,6,3074,3074,2573,2573,469,469,32,32,0.48541,0.04696
kitti_mini,000031,tz,up,0.05,m,0.15909,3.17539,6,3035,3074,2534,2573,469,469,32,32,0.47604,0.03877
kitti_mini,000031,tz,up,0.1,m,0.16284,6.35039,6,2957,3074,2456,2573,469,469,32,32,0.45901,0.02888
kitti_mini,000031,tz,up,0.2,m,0.16996,12.69925,6,2820,3074,2327,2573,462,469,31,32,0.44024,0.01898
kitti_mini,000032,none,-,0.0,-,0.16463,0.0,10,4985,4987,3998,4000,730,730,257,257,0.53393,0.03756
kitti_mini,000032,yaw,yaw,0.25,deg,0.16465,3.88199,10,4984,4987,4000,4000,729,730,255,257,0.51439,0.02811
kitti_mini,000032,yaw,yaw,0.5,deg,0.16473,7.76375,10,4963,4987,4000,4000,718,730,245,257,0.49042,0.01309
kitti_mini,000032,yaw,yaw,1.0,deg,0.16472,15.52766,10,4873,4987,3967,4000,703,730,203,257,0.47691,-0.00287
kitti_mini,000032,yaw,yaw,2.0,deg,0.16474,31.06436,10,4625,4987,3834,4000,658,730,133,257,0.46645,0.0001
kitti_mini,000032,yaw,yaw,3.0,deg,0.16477,46.62696,10,4343,4987,3628,4000,634,730,81,257,0.46067,0.00375
kitti_mini,000032,pitch,pitch,0.25,deg,0.16296,3.29605,10,4970,4987,3994,4000,727,730,249,257,0.53295,0.04186
kitti_mini,000032,pitch,pitch,0.5,deg,0.1607,6.59581,10,4943,4987,3988,4000,724,730,231,257,0.52629,0.03986
kitti_mini,000032,pitch,pitch,1.0,deg,0.15697,13.20703,10,4861,4987,3949,4000,724,730,188,257,0.49055,0.01873
kitti_mini,000032,pitch,pitch,2.0,deg,0.1492,26.48051,10,4589,4987,3735,4000,710,730,144,257,0.43167,0.00953
kitti_mini,000032,pitch,pitch,3.0,deg,0.14128,39.8302,10,3985,4987,3348,4000,585,730,52,257,0.37947,0.00072
kitti_mini,000032,roll,roll,0.25,deg,0.16462,1.31242,10,4981,4987,3994,4000,730,730,257,257,0.53743,0.04381
kitti_mini,000032,roll,roll,0.5,deg,0.16465,2.62483,10,4981,4987,3994,4000,730,730,257,257,0.52794,0.03501
kitti_mini,000032,roll,roll,1.0,deg,0.16462,5.24961,10,4933,4987,3969,4000,707,730,257,257,0.52487,0.03128
kitti_mini,000032,roll,roll,2.0,deg,0.16443,10.49883,10,4775,4987,3884,4000,634,730,257,257,0.50648,0.01904
kitti_mini,000032,roll,roll,3.0,deg,0.16485,15.74726,10,4621,4987,3799,4000,565,730,257,257,0.48596,0.00465
kitti_mini,000032,tx,forward,0.02,m,0.16513,0.58295,10,4987,4987,4000,4000,730,730,257,257,0.53623,0.04127
kitti_mini,000032,tx,forward,0.05,m,0.16635,1.45248,10,4987,4987,4000,4000,730,730,257,257,0.54159,0.04774
kitti_mini,000032,tx,forward,0.1,m,0.16788,2.88881,10,4987,4987,4000,4000,730,730,257,257,0.5345,0.04203
kitti_mini,000032,tx,forward,0.2,m,0.17111,5.71416,10,4987,4987,4000,4000,730,730,257,257,0.51761,0.0307
kitti_mini,000032,ty,lateral,0.02,m,0.16462,1.3021,10,4985,4987,3998,4000,730,730,257,257,0.53895,0.04297
kitti_mini,000032,ty,lateral,0.05,m,0.16458,3.25526,10,4985,4987,3998,4000,730,730,257,257,0.52857,0.03557
kitti_mini,000032,ty,lateral,0.1,m,0.16459,6.51051,10,4982,4987,3998,4000,727,730,257,257,0.50525,0.0215
kitti_mini,000032,ty,lateral,0.2,m,0.16456,13.021,10,4942,4987,3973,4000,715,730,254,257,0.48683,0.00513
kitti_mini,000032,tz,up,0.02,m,0.16621,1.30392,10,4987,4987,4000,4000,730,730,257,257,0.53037,0.03199
kitti_mini,000032,tz,up,0.05,m,0.1684,3.25969,10,4963,4987,3976,4000,730,730,257,257,0.51634,0.01599
kitti_mini,000032,tz,up,0.1,m,0.17174,6.519,10,4840,4987,3853,4000,730,730,257,257,0.50846,0.00578
kitti_mini,000032,tz,up,0.2,m,0.17908,13.03652,10,4503,4987,3593,4000,653,730,257,257,0.5236,0.01914
kitti_mini,000043,none,-,0.0,-,0.16033,0.0,4,503,514,332,341,171,173,0,0,0.57622,0.02895
kitti_mini,000043,yaw,yaw,0.25,deg,0.16044,3.87045,4,479,514,319,341,160,173,0,0,0.58185,0.02978
kitti_mini,000043,yaw,yaw,0.5,deg,0.16061,7.74045,4,419,514,286,341,133,173,0,0,0.52131,0.00554
kitti_mini,000043,yaw,yaw,1.0,deg,0.1608,15.48017,4,252,514,192,341,60,173,0,0,0.5123,-0.0148
kitti_mini,000043,yaw,yaw,2.0,deg,0.16126,30.96574,4,17,514,16,341,1,173,0,0,0.50208,-0.00808
kitti_mini,000043,yaw,yaw,3.0,deg,0.1616,46.47333,4,0,514,0,341,0,173,0,0,0.50637,-0.01004
kitti_mini,000043,pitch,pitch,0.25,deg,0.15878,3.30129,4,502,514,332,341,170,173,0,0,0.58275,0.03673
kitti_mini,000043,pitch,pitch,0.5,deg,0.15662,6.60628,4,478,514,316,341,162,173,0,0,0.57965,0.03226
kitti_mini,000043,pitch,pitch,1.0,deg,0.15309,13.22801,4,459,514,304,341,155,173,0,0,0.56651,0.02657
kitti_mini,000043,pitch,pitch,2.0,deg,0.14557,26.52263,4,400,514,274,341,126,173,0,0,0.52212,0.01279
kitti_mini,000043,pitch,pitch,3.0,deg,0.13804,39.89364,4,313,514,234,341,79,173,0,0,0.46564,-0.00458
kitti_mini,000043,roll,roll,0.25,deg,0.16035,1.30959,4,504,514,333,341,171,173,0,0,0.57565,0.02718
kitti_mini,000043,roll,roll,0.5,deg,0.1604,2.61918,4,503,514,332,341,171,173,0,0,0.57716,0.02855
kitti_mini,000043,roll,roll,1.0,deg,0.16031,5.23831,4,497,514,327,341,170,173,0,0,0.5761,0.0249
kitti_mini,000043,roll,roll,2.0,deg,0.1601,10.47624,4,496,514,325,341,171,173,0,0,0.57174,0.02035
kitti_mini,000043,roll,roll,3.0,deg,0.16046,15.71338,4,482,514,315,341,167,173,0,0,0.56591,0.01859
kitti_mini,000043,tx,forward,0.02,m,0.16084,0.64497,4,503,514,332,341,171,173,0,0,0.58246,0.03029
kitti_mini,000043,tx,forward,0.05,m,0.16207,1.60655,4,505,514,334,341,171,173,0,0,0.59093,0.03398
kitti_mini,000043,tx,forward,0.1,m,0.16376,3.19372,4,505,514,333,341,172,173,0,0,0.58175,0.03094
kitti_mini,000043,tx,forward,0.2,m,0.16716,6.31141,4,505,514,334,341,171,173,0,0,0.55706,0.01889
kitti_mini,000043,ty,lateral,0.02,m,0.16031,1.38522,4,502,514,330,341,172,173,0,0,0.59022,0.03285
kitti_mini,000043,ty,lateral,0.05,m,0.16036,3.46305,4,490,514,321,341,169,173,0,0,0.59046,0.03234
kitti_mini,000043,ty,lateral,0.1,m,0.16046,6.92609,4,460,514,300,341,160,173,0,0,0.55373,0.01904
kitti_mini,000043,ty,lateral,0.2,m,0.16057,13.85215,4,344,514,220,341,124,173,0,0,0.49837,-0.01084
kitti_mini,000043,tz,up,0.02,m,0.16199,1.38706,4,503,514,332,341,171,173,0,0,0.57199,0.02223
kitti_mini,000043,tz,up,0.05,m,0.16417,3.46753,4,498,514,328,341,170,173,0,0,0.56961,0.01992
kitti_mini,000043,tz,up,0.1,m,0.16753,6.93464,4,498,514,328,341,170,173,0,0,0.56706,0.01793
kitti_mini,000043,tz,up,0.2,m,0.17495,13.86762,4,467,514,301,341,166,173,0,0,0.56488,0.01084
kitti_mini,000048,none,-,0.0,-,0.16157,0.0,4,370,402,0,0,329,361,41,41,0.65231,0.02354
kitti_mini,000048,yaw,yaw,0.25,deg,0.16165,3.874,4,343,402,0,0,302,361,41,41,0.64582,0.01656
kitti_mini,000048,yaw,yaw,0.5,deg,0.16174,7.7474,4,286,402,0,0,249,361,37,41,0.62871,0.00708
kitti_mini,000048,yaw,yaw,1.0,deg,0.16183,15.49341,4,142,402,0,0,124,361,18,41,0.6208,-0.00217
kitti_mini,000048,yaw,yaw,2.0,deg,0.16208,30.98973,4,2,402,0,0,2,361,0,41,0.61647,-0.00042
kitti_mini,000048,yaw,yaw,3.0,deg,0.16219,46.50582,4,0,402,0,0,0,361,0,41,0.60917,0.00335
kitti_mini,000048,pitch,pitch,0.25,deg,0.16023,3.28673,4,363,402,0,0,324,361,39,41,0.64905,0.01646
kitti_mini,000048,pitch,pitch,0.5,deg,0.15795,6.57666,4,352,402,0,0,318,361,34,41,0.64639,0.01161
kitti_mini,000048,pitch,pitch,1.0,deg,0.15455,13.16666,4,328,402,0,0,300,361,28,41,0.64778,0.00915
kitti_mini,000048,pitch,pitch,2.0,deg,0.14781,26.39151,4,272,402,0,0,258,361,14,41,0.63351,0.00412
kitti_mini,000048,pitch,pitch,3.0,deg,0.13991,39.68421,4,182,402,0,0,182,361,0,41,0.61224,-0.00864
kitti_mini,000048,roll,roll,0.25,deg,0.16168,1.30882,4,370,402,0,0,329,361,41,41,0.65448,0.02527
kitti_mini,000048,roll,roll,0.5,deg,0.16176,2.61764,4,369,402,0,0,328,361,41,41,0.65405,0.02424
kitti_mini,000048,roll,roll,1.0,deg,0.16183,5.23522,4,368,402,0,0,327,361,41,41,0.65149,0.01982
kitti_mini,000048,roll,roll,2.0,deg,0.16236,10.46999,4,365,402,0,0,324,361,41,41,0.64052,0.01061
kitti_mini,000048,roll,roll,3.0,deg,0.16254,15.70392,4,359,402,0,0,318,361,41,41,0.62932,0.00748
kitti_mini,000048,tx,forward,0.02,m,0.16258,0.77165,4,372,402,0,0,331,361,41,41,0.65405,0.02355
kitti_mini,000048,tx,forward,0.05,m,0.16391,1.91952,4,373,402,0,0,332,361,41,41,0.65951,0.02544
kitti_mini,000048,tx,forward,0.1,m,0.16598,3.80755,4,374,402,0,0,333,361,41,41,0.65307,0.01647
kitti_mini,000048,tx,forward,0.2,m,0.17021,7.49293,4,373,402,0,0,332,361,41,41,0.64961,0.01726
kitti_mini,000048,ty,lateral,0.02,m,0.16162,1.60241,4,363,402,0,0,322,361,41,41,0.65939,0.02794
kitti_mini,000048,ty,lateral,0.05,m,0.16187,4.00593,4,353,402,0,0,312,361,41,41,0.6555,0.02062
kitti_mini,000048,ty,lateral,0.1,m,0.1622,8.01156,4,326,402,0,0,285,361,41,41,0.63802,0.01155
kitti_mini,000048,ty,lateral,0.2,m,0.16246,16.02196,4,249,402,0,0,209,361,40,41,0.62293,0.00263
kitti_mini,000048,tz,up,0.02,m,0.16345,1.60105,4,370,402,0,0,329,361,41,41,0.6486,0.02086
kitti_mini,000048,tz,up,0.05,m,0.16601,4.00268,4,370,402,0,0,329,361,41,41,0.64166,0.01602
kitti_mini,000048,tz,up,0.1,m,0.16946,8.00553,4,370,402,0,0,329,361,41,41,0.62859,0.00875
kitti_mini,000048,tz,up,0.2,m,0.17692,16.01177,4,365,402,0,0,324,361,41,41,0.60891,0.003
kitti_mini,000049,none,-,0.0,-,0.15914,0.0,16,4513,4547,3060,3089,984,984,469,474,0.54966,0.04005
kitti_mini,000049,yaw,yaw,0.25,deg,0.15935,3.87274,16,4496,4547,3051,3089,982,984,463,474,0.56896,0.0582
kitti_mini,000049,yaw,yaw,0.5,deg,0.1595,7.74498,16,4433,4547,3024,3089,964,984,445,474,0.5221,0.02513
kitti_mini,000049,yaw,yaw,1.0,deg,0.15985,15.48902,16,4245,4547,2936,3089,904,984,405,474,0.5051,0.00952
kitti_mini,000049,yaw,yaw,2.0,deg,0.16034,30.98257,16,3813,4547,2686,3089,768,984,359,474,0.48288,-0.00765
kitti_mini,000049,yaw,yaw,3.0,deg,0.16036,46.49731,16,3311,4547,2376,3089,628,984,307,474,0.49988,0.0097
kitti_mini,000049,pitch,pitch,0.25,deg,0.15742,3.30349,16,4474,4547,3040,3089,969,984,465,474,0.5459,0.04351
kitti_mini,000049,pitch,pitch,0.5,deg,0.15532,6.61086,16,4434,4547,3038,3089,938,984,458,474,0.52313,0.0253
kitti_mini,000049,pitch,pitch,1.0,deg,0.15164,13.23785,16,4204,4547,2926,3089,849,984,429,474,0.50358,0.01985
kitti_mini,000049,pitch,pitch,2.0,deg,0.14386,26.54502,16,3564,4547,2635,3089,599,984,330,474,0.45831,0.01043
kitti_mini,000049,pitch,pitch,3.0,deg,0.13616,39.93134,16,2781,4547,2211,3089,364,984,206,474,0.40606,0.00966
kitti_mini,000049,roll,roll,0.25,deg,0.15899,1.30801,16,4504,4547,3051,3089,984,984,469,474,0.55194,0.04309
kitti_mini,000049,roll,roll,0.5,deg,0.15896,2.61602,16,4457,4547,3021,3089,967,984,469,474,0.55604,0.04432
kitti_mini,000049,roll,roll,1.0,deg,0.15894,5.232,16,4360,4547,2994,3089,898,984,468,474,0.54977,0.03707
kitti_mini,000049,roll,roll,2.0,deg,0.15875,10.46362,16,4253,4547,2924,3089,862,984,467,474,0.53492,0.02378
kitti_mini,000049,roll,roll,3.0,deg,0.15923,15.69446,16,4092,4547,2820,3089,821,984,451,474,0.51682,0.01542
kitti_mini,000049,tx,forward,0.02,m,0.15956,0.63437,16,4513,4547,3060,3089,984,984,469,474,0.56062,0.04968
kitti_mini,000049,tx,forward,0.05,m,0.16061,1.57923,16,4507,4547,3054,3089,984,984,469,474,0.56609,0.05395
kitti_mini,000049,tx,forward,0.1,m,0.16206,3.13646,16,4498,4547,3045,3089,984,984,469,474,0.55678,0.04581
kitti_mini,000049,tx,forward,0.2,m,0.16511,6.18704,16,4474,4547,3022,3089,984,984,468,474,0.53867,0.03422
kitti_mini,000049,ty,lateral,0.02,m,0.15915,1.38564,16,4502,4547,3050,3089,984,984,468,474,0.56672,0.05311
kitti_mini,000049,ty,lateral,0.05,m,0.15923,3.4641,16,4493,4547,3041,3089,984,984,468,474,0.56446,0.05272
kitti_mini,000049,ty,lateral,0.1,m,0.15933,6.9282,16,4459,4547,3014,3089,978,984,467,474,0.53716,0.03741
kitti_mini,000049,ty,lateral,0.2,m,0.15952,13.85637,16,4308,4547,2891,3089,961,984,456,474,0.49609,0.01173
kitti_mini,000049,tz,up,0.02,m,0.16063,1.38769,16,4516,4547,3063,3089,984,984,469,474,0.54766,0.03753
kitti_mini,000049,tz,up,0.05,m,0.1625,3.4691,16,4475,4547,3040,3089,968,984,467,474,0.53805,0.02672
kitti_mini,000049,tz,up,0.1,m,0.16644,6.93773,16,4295,4547,2939,3089,910,984,446,474,0.53362,0.0238
kitti_mini,000049,tz,up,0.2,m,0.17409,13.87361,16,4008,4547,2755,3089,855,984,398,474,0.53383,0.02405
kitti_mini,000061,none,-,0.0,-,0.15802,0.0,5,1342,1342,108,108,1134,1134,100,100,0.32453,-0.00157
kitti_mini,000061,yaw,yaw,0.25,deg,0.15808,3.81541,5,1318,1342,88,108,1134,1134,96,100,0.31989,-0.00346
kitti_mini,000061,yaw,yaw,0.5,deg,0.15819,7.62916,5,1293,1342,73,108,1132,1134,88,100,0.31502,-0.00519
kitti_mini,000061,yaw,yaw,1.0,deg,0.15829,15.25267,5,1209,1342,34,108,1103,1134,72,100,0.30522,-0.01155
kitti_mini,000061,yaw,yaw,2.0,deg,0.15861,30.49065,5,1022,1342,0,108,976,1134,46,100,0.29875,-0.01283
kitti_mini,000061,yaw,yaw,3.0,deg,0.15888,45.72978,5,818,1342,0,108,804,1134,14,100,0.30793,-0.01221
kitti_mini,000061,pitch,pitch,0.25,deg,0.1564,3.28733,5,1325,1342,108,108,1133,1134,84,100,0.34007,0.00851
kitti_mini,000061,pitch,pitch,0.5,deg,0.15433,6.57844,5,1311,1342,107,108,1130,1134,74,100,0.34611,0.00886
kitti_mini,000061,pitch,pitch,1.0,deg,0.15072,13.1726,5,1236,1342,102,108,1080,1134,54,100,0.35881,0.01363
kitti_mini,000061,pitch,pitch,2.0,deg,0.14329,26.41287,5,1030,1342,75,108,955,1134,0,100,0.33815,0.00268
kitti_mini,000061,pitch,pitch,3.0,deg,0.1357,39.73044,5,863,1342,57,108,806,1134,0,100,0.30571,0.00499
kitti_mini,000061,roll,roll,0.25,deg,0.15802,1.25068,5,1325,1342,107,108,1134,1134,84,100,0.32314,-0.00178
kitti_mini,000061,roll,roll,0.5,deg,0.15805,2.50135,5,1322,1342,107,108,1131,1134,84,100,0.32124,-0.00447
kitti_mini,000061,roll,roll,1.0,deg,0.15801,5.00268,5,1284,1342,102,108,1109,1134,73,100,0.31503,-0.00683
kitti_mini,000061,roll,roll,2.0,deg,0.15788,10.00503,5,1184,1342,89,108,1036,1134,59,100,0.31828,-0.00011
kitti_mini,000061,roll,roll,3.0,deg,0.15808,15.00669,5,1038,1342,77,108,929,1134,32,100,0.32018,0.00453
kitti_mini,000061,tx,forward,0.02,m,0.15841,0.45917,5,1342,1342,108,108,1134,1134,100,100,0.328,0.0009
kitti_mini,000061,tx,forward,0.05,m,0.15934,1.14453,5,1342,1342,108,108,1134,1134,100,100,0.33227,0.00277
kitti_mini,000061,tx,forward,0.1,m,0.16068,2.27785,5,1341,1342,107,108,1134,1134,100,100,0.33838,0.0074
kitti_mini,000061,tx,forward,0.2,m,0.16317,4.51161,5,1334,1342,101,108,1134,1134,99,100,0.33219,0.00267
kitti_mini,000061,ty,lateral,0.02,m,0.15802,1.12243,5,1337,1342,103,108,1134,1134,100,100,0.32766,0.00108
kitti_mini,000061,ty,lateral,0.05,m,0.15806,2.80607,5,1329,1342,96,108,1134,1134,99,100,0.32822,0.0015
kitti_mini,000061,ty,lateral,0.1,m,0.15811,5.61214,5,1318,1342,85,108,1134,1134,99,100,0.32646,0.00183
kitti_mini,000061,ty,lateral,0.2,m,0.15827,11.22426,5,1289,1342,62,108,1132,1134,95,100,0.3114,-0.00965
kitti_mini,000061,tz,up,0.02,m,0.15943,1.12403,5,1342,1342,108,108,1134,1134,100,100,0.32169,-0.00327
kitti_mini,000061,tz,up,0.05,m,0.16115,2.80999,5,1342,1342,108,108,1134,1134,100,100,0.32227,-0.00383
kitti_mini,000061,tz,up,0.1,m,0.16464,5.6197,5,1342,1342,108,108,1134,1134,100,100,0.32296,-0.00452
kitti_mini,000061,tz,up,0.2,m,0.1715,11.23829,5,1316,1342,105,108,1126,1134,85,100,0.32595,-0.0075
