dataset,axis,vehicle_axis,level,unit,n_frames,n_objects,fov_ratio_pct,pixel_shift_px,inbox_pct_all,inbox_pct_near_0_15m,inbox_pct_mid_15_30m,inbox_pct_far_30m_plus,edge_score_mean,edge_margin_mean
kitti_mini,none,-,0.0,-,20,107,15.7543,0.0,99.5642,99.5885,99.4607,99.7193,0.4781,0.0305
kitti_mini,yaw,yaw,0.25,deg,20,107,15.7583,3.8749,98.8072,99.0352,98.5408,96.5188,0.4719,0.0265
kitti_mini,yaw,yaw,0.5,deg,20,107,15.7612,7.7493,97.2009,98.1741,95.8126,88.7704,0.4472,0.013
kitti_mini,yaw,yaw,1.0,deg,20,107,15.7645,15.4974,92.8728,95.7812,88.1675,70.6345,0.4269,-0.0063
kitti_mini,yaw,yaw,2.0,deg,20,107,15.7661,30.9982,83.9576,89.0933,75.8803,43.4587,0.4154,-0.003
kitti_mini,yaw,yaw,3.0,deg,20,107,15.774,46.5191,75.9538,82.7651,64.5659,25.8282,0.4136,-0.0014
kitti_mini,pitch,pitch,0.25,deg,20,107,15.5971,3.2965,98.2917,98.6029,98.0544,94.4975,0.473,0.0253
kitti_mini,pitch,pitch,0.5,deg,20,107,15.3801,6.5968,96.5285,97.4652,95.2733,87.9843,0.4633,0.0171
kitti_mini,pitch,pitch,1.0,deg,20,107,15.0197,13.2092,91.7671,94.3115,88.9394,65.4688,0.4534,0.0081
kitti_mini,pitch,pitch,2.0,deg,20,107,14.272,26.4859,80.252,85.4796,72.9935,33.9135,0.4375,0.0092
kitti_mini,pitch,pitch,3.0,deg,20,107,13.5036,39.8398,67.4818,74.6628,55.3558,15.2723,0.4079,0.0026
kitti_mini,roll,roll,0.25,deg,20,107,15.756,1.3174,99.4696,99.5435,99.3655,98.8209,0.4772,0.0291
kitti_mini,roll,roll,0.5,deg,20,107,15.758,2.6348,99.233,99.3049,99.0906,98.8209,0.4749,0.0258
kitti_mini,roll,roll,1.0,deg,20,107,15.7573,5.2696,98.2543,98.6514,97.2084,97.361,0.469,0.0192
kitti_mini,roll,roll,2.0,deg,20,107,15.7498,10.5388,95.8039,96.5834,93.6026,94.8344,0.46,0.0128
kitti_mini,roll,roll,3.0,deg,20,107,15.7863,15.8072,92.4744,93.7824,89.1932,88.6581,0.4535,0.0093
kitti_mini,tx,forward,0.02,m,20,107,15.8082,0.605,99.7211,99.7994,99.4819,99.7193,0.4793,0.0314
kitti_mini,tx,forward,0.05,m,20,107,15.9217,1.5063,99.7086,99.7821,99.4924,99.6631,0.48,0.0321
kitti_mini,tx,forward,0.1,m,20,107,16.0821,2.9927,99.6464,99.6957,99.4924,99.6631,0.4757,0.0286
kitti_mini,tx,forward,0.2,m,20,107,16.4055,5.9074,99.4272,99.4294,99.4078,99.4947,0.4655,0.0225
kitti_mini,ty,lateral,0.02,m,20,107,15.756,1.3244,99.3625,99.3464,99.3761,99.5508,0.4819,0.0331
kitti_mini,ty,lateral,0.05,m,20,107,15.758,3.311,98.9242,98.8277,99.1329,99.3824,0.4795,0.0317
kitti_mini,ty,lateral,0.1,m,20,107,15.76,6.622,97.9903,97.8145,98.361,98.877,0.4632,0.0216
kitti_mini,ty,lateral,0.2,m,20,107,15.7618,13.2438,95.0244,94.8475,95.4108,95.845,0.4365,0.0049
kitti_mini,tz,up,0.02,m,20,107,15.914,1.326,99.6937,99.7821,99.4184,99.7193,0.4768,0.0285
kitti_mini,tz,up,0.05,m,20,107,16.1235,3.3148,99.2679,99.2738,99.1858,99.607,0.4714,0.0216
kitti_mini,tz,up,0.1,m,20,107,16.4778,6.6293,97.4001,97.0952,98.2658,97.7541,0.4636,0.0145
kitti_mini,tz,up,0.2,m,20,107,17.2134,13.2571,92.7134,92.005,94.7341,93.4868,0.4606,0.0129
