dataset,score,axis,vehicle_axis,level,window_frames,n_frames_used,threshold,score_mean,detect_rate_pct
kitti_mini,inbox_ratio,none,-,0.0,10,20,0.9763,0.9926,1.0
kitti_mini,inbox_ratio,yaw,yaw,0.25,10,20,0.9763,0.969,70.6
kitti_mini,inbox_ratio,yaw,yaw,0.5,10,20,0.9763,0.9169,99.4
kitti_mini,inbox_ratio,yaw,yaw,1.0,10,20,0.9763,0.7902,100.0
kitti_mini,inbox_ratio,yaw,yaw,2.0,10,20,0.9763,0.5827,100.0
kitti_mini,inbox_ratio,yaw,yaw,3.0,10,20,0.9763,0.4677,100.0
kitti_mini,inbox_ratio,pitch,pitch,0.25,10,20,0.9763,0.9683,75.35
kitti_mini,inbox_ratio,pitch,pitch,0.5,10,20,0.9763,0.9353,100.0
kitti_mini,inbox_ratio,pitch,pitch,1.0,10,20,0.9763,0.7934,100.0
kitti_mini,inbox_ratio,pitch,pitch,2.0,10,20,0.9763,0.5991,100.0
kitti_mini,inbox_ratio,pitch,pitch,3.0,10,20,0.9763,0.4498,100.0
kitti_mini,inbox_ratio,roll,roll,0.25,10,20,0.9763,0.9918,0.95
kitti_mini,inbox_ratio,roll,roll,0.5,10,20,0.9763,0.9902,1.65
kitti_mini,inbox_ratio,roll,roll,1.0,10,20,0.9763,0.9814,19.25
kitti_mini,inbox_ratio,roll,roll,2.0,10,20,0.9763,0.949,98.2
kitti_mini,inbox_ratio,roll,roll,3.0,10,20,0.9763,0.9061,100.0
kitti_mini,inbox_ratio,tx,forward,0.02,10,20,0.9763,0.994,0.65
kitti_mini,inbox_ratio,tx,forward,0.05,10,20,0.9763,0.9942,0.35
kitti_mini,inbox_ratio,tx,forward,0.1,10,20,0.9763,0.9937,0.3
kitti_mini,inbox_ratio,tx,forward,0.2,10,20,0.9763,0.991,1.25
kitti_mini,inbox_ratio,ty,lateral,0.02,10,20,0.9763,0.9903,3.5
kitti_mini,inbox_ratio,ty,lateral,0.05,10,20,0.9763,0.9842,16.6
kitti_mini,inbox_ratio,ty,lateral,0.1,10,20,0.9763,0.9683,68.25
kitti_mini,inbox_ratio,ty,lateral,0.2,10,20,0.9763,0.9197,99.55
kitti_mini,inbox_ratio,tz,up,0.02,10,20,0.9763,0.9935,0.9
kitti_mini,inbox_ratio,tz,up,0.05,10,20,0.9763,0.9911,1.2
kitti_mini,inbox_ratio,tz,up,0.1,10,20,0.9763,0.9816,22.35
kitti_mini,inbox_ratio,tz,up,0.2,10,20,0.9763,0.9414,99.85
kitti_mini,edge_margin,none,-,0.0,10,20,0.0183,0.0305,1.0
kitti_mini,edge_margin,yaw,yaw,0.25,10,20,0.0183,0.0265,3.8
kitti_mini,edge_margin,yaw,yaw,0.5,10,20,0.0183,0.013,96.3
kitti_mini,edge_margin,yaw,yaw,1.0,10,20,0.0183,-0.0063,100.0
kitti_mini,edge_margin,yaw,yaw,2.0,10,20,0.0183,-0.003,100.0
kitti_mini,edge_margin,yaw,yaw,3.0,10,20,0.0183,-0.0014,100.0
kitti_mini,edge_margin,pitch,pitch,0.25,10,20,0.0183,0.0253,6.45
kitti_mini,edge_margin,pitch,pitch,0.5,10,20,0.0183,0.0171,59.4
kitti_mini,edge_margin,pitch,pitch,1.0,10,20,0.0183,0.0081,99.55
kitti_mini,edge_margin,pitch,pitch,2.0,10,20,0.0183,0.0092,99.9
kitti_mini,edge_margin,pitch,pitch,3.0,10,20,0.0183,0.0026,100.0
kitti_mini,edge_margin,roll,roll,0.25,10,20,0.0183,0.0291,3.35
kitti_mini,edge_margin,roll,roll,0.5,10,20,0.0183,0.0258,11.0
kitti_mini,edge_margin,roll,roll,1.0,10,20,0.0183,0.0192,43.9
kitti_mini,edge_margin,roll,roll,2.0,10,20,0.0183,0.0128,94.1
kitti_mini,edge_margin,roll,roll,3.0,10,20,0.0183,0.0093,99.85
kitti_mini,edge_margin,tx,forward,0.02,10,20,0.0183,0.0314,0.65
kitti_mini,edge_margin,tx,forward,0.05,10,20,0.0183,0.0321,0.5
kitti_mini,edge_margin,tx,forward,0.1,10,20,0.0183,0.0286,0.75
kitti_mini,edge_margin,tx,forward,0.2,10,20,0.0183,0.0225,6.45
kitti_mini,edge_margin,ty,lateral,0.02,10,20,0.0183,0.0331,0.25
kitti_mini,edge_margin,ty,lateral,0.05,10,20,0.0183,0.0317,0.65
kitti_mini,edge_margin,ty,lateral,0.1,10,20,0.0183,0.0216,16.35
kitti_mini,edge_margin,ty,lateral,0.2,10,20,0.0183,0.0049,100.0
kitti_mini,edge_margin,tz,up,0.02,10,20,0.0183,0.0285,3.25
kitti_mini,edge_margin,tz,up,0.05,10,20,0.0183,0.0216,27.15
kitti_mini,edge_margin,tz,up,0.1,10,20,0.0183,0.0145,79.65
kitti_mini,edge_margin,tz,up,0.2,10,20,0.0183,0.0129,89.25
nuscenes_mini_subset,inbox_ratio,none,-,0.0,10,77,0.9985,0.9996,1.0
nuscenes_mini_subset,inbox_ratio,yaw,yaw,0.25,10,77,0.9985,0.9921,98.75
nuscenes_mini_subset,inbox_ratio,yaw,yaw,0.5,10,77,0.9985,0.9765,100.0
nuscenes_mini_subset,inbox_ratio,yaw,yaw,1.0,10,77,0.9985,0.9342,100.0
nuscenes_mini_subset,inbox_ratio,yaw,yaw,2.0,10,77,0.9985,0.7856,100.0
nuscenes_mini_subset,inbox_ratio,yaw,yaw,3.0,10,77,0.9985,0.6323,100.0
nuscenes_mini_subset,inbox_ratio,pitch,roll,0.25,10,77,0.9985,0.9994,7.25
nuscenes_mini_subset,inbox_ratio,pitch,roll,0.5,10,77,0.9985,0.9923,34.1
nuscenes_mini_subset,inbox_ratio,pitch,roll,1.0,10,77,0.9985,0.987,83.15
nuscenes_mini_subset,inbox_ratio,pitch,roll,2.0,10,77,0.9985,0.9681,100.0
nuscenes_mini_subset,inbox_ratio,pitch,roll,3.0,10,77,0.9985,0.9383,100.0
nuscenes_mini_subset,inbox_ratio,roll,pitch,0.25,10,77,0.9985,0.9935,40.35
nuscenes_mini_subset,inbox_ratio,roll,pitch,0.5,10,77,0.9985,0.9898,78.35
nuscenes_mini_subset,inbox_ratio,roll,pitch,1.0,10,77,0.9985,0.9511,100.0
nuscenes_mini_subset,inbox_ratio,roll,pitch,2.0,10,77,0.9985,0.8475,100.0
nuscenes_mini_subset,inbox_ratio,roll,pitch,3.0,10,77,0.9985,0.6885,100.0
nuscenes_mini_subset,inbox_ratio,tx,lateral,0.02,10,77,0.9985,0.9977,61.1
nuscenes_mini_subset,inbox_ratio,tx,lateral,0.05,10,77,0.9985,0.9948,91.7
nuscenes_mini_subset,inbox_ratio,tx,lateral,0.1,10,77,0.9985,0.9866,99.25
nuscenes_mini_subset,inbox_ratio,tx,lateral,0.2,10,77,0.9985,0.9626,100.0
nuscenes_mini_subset,inbox_ratio,ty,forward,0.02,10,77,0.9985,1.0,0.0
nuscenes_mini_subset,inbox_ratio,ty,forward,0.05,10,77,0.9985,1.0,0.0
nuscenes_mini_subset,inbox_ratio,ty,forward,0.1,10,77,0.9985,0.9999,0.0
nuscenes_mini_subset,inbox_ratio,ty,forward,0.2,10,77,0.9985,0.9993,16.1
nuscenes_mini_subset,inbox_ratio,tz,up,0.02,10,77,0.9985,0.9996,1.45
nuscenes_mini_subset,inbox_ratio,tz,up,0.05,10,77,0.9985,0.9937,32.15
nuscenes_mini_subset,inbox_ratio,tz,up,0.1,10,77,0.9985,0.9915,56.8
nuscenes_mini_subset,inbox_ratio,tz,up,0.2,10,77,0.9985,0.9729,99.85
nuscenes_mini_subset,edge_margin,none,-,0.0,10,80,0.0042,0.0139,1.0
nuscenes_mini_subset,edge_margin,yaw,yaw,0.25,10,80,0.0042,0.0073,22.05
nuscenes_mini_subset,edge_margin,yaw,yaw,0.5,10,80,0.0042,0.0035,58.95
nuscenes_mini_subset,edge_margin,yaw,yaw,1.0,10,80,0.0042,-0.0014,91.75
nuscenes_mini_subset,edge_margin,yaw,yaw,2.0,10,80,0.0042,0.0032,60.55
nuscenes_mini_subset,edge_margin,yaw,yaw,3.0,10,80,0.0042,0.003,61.2
nuscenes_mini_subset,edge_margin,pitch,roll,0.25,10,80,0.0042,0.0147,1.2
nuscenes_mini_subset,edge_margin,pitch,roll,0.5,10,80,0.0042,0.0136,2.05
nuscenes_mini_subset,edge_margin,pitch,roll,1.0,10,80,0.0042,0.0123,2.65
nuscenes_mini_subset,edge_margin,pitch,roll,2.0,10,80,0.0042,0.0075,22.8
nuscenes_mini_subset,edge_margin,pitch,roll,3.0,10,80,0.0042,0.0047,43.9
nuscenes_mini_subset,edge_margin,roll,pitch,0.25,10,80,0.0042,0.0163,1.85
nuscenes_mini_subset,edge_margin,roll,pitch,0.5,10,80,0.0042,0.0131,3.1
nuscenes_mini_subset,edge_margin,roll,pitch,1.0,10,80,0.0042,0.0011,75.45
nuscenes_mini_subset,edge_margin,roll,pitch,2.0,10,80,0.0042,0.0045,49.05
nuscenes_mini_subset,edge_margin,roll,pitch,3.0,10,80,0.0042,0.0023,75.15
nuscenes_mini_subset,edge_margin,tx,lateral,0.02,10,80,0.0042,0.0133,1.45
nuscenes_mini_subset,edge_margin,tx,lateral,0.05,10,80,0.0042,0.0118,3.1
nuscenes_mini_subset,edge_margin,tx,lateral,0.1,10,80,0.0042,0.0105,5.05
nuscenes_mini_subset,edge_margin,tx,lateral,0.2,10,80,0.0042,0.0074,22.35
nuscenes_mini_subset,edge_margin,ty,forward,0.02,10,80,0.0042,0.0144,0.75
nuscenes_mini_subset,edge_margin,ty,forward,0.05,10,80,0.0042,0.0144,0.45
nuscenes_mini_subset,edge_margin,ty,forward,0.1,10,80,0.0042,0.0132,0.65
nuscenes_mini_subset,edge_margin,ty,forward,0.2,10,80,0.0042,0.0123,1.1
nuscenes_mini_subset,edge_margin,tz,up,0.02,10,80,0.0042,0.0157,0.15
nuscenes_mini_subset,edge_margin,tz,up,0.05,10,80,0.0042,0.0156,1.0
nuscenes_mini_subset,edge_margin,tz,up,0.1,10,80,0.0042,0.017,1.45
nuscenes_mini_subset,edge_margin,tz,up,0.2,10,80,0.0042,0.0104,10.8
