frame_id,scene,dt_cam_minus_lidar_ms,pixel_shift_px,n_objects,inbox_pct_ego_comp,edge_score_ego_comp,edge_margin_ego_comp,inbox_pct_no_ego_comp,noego_in_near_0_15m,noego_total_near_0_15m,noego_in_mid_15_30m,noego_total_mid_15_30m,noego_in_far_30m_plus,noego_total_far_30m_plus,edge_score_no_ego_comp,edge_margin_no_ego_comp
scene-0103_000,scene-0103,-35.186,15.6861,0,,0.2479,0.0242,,0,0,0,0,0,0,0.2071,-0.009
scene-0103_001,scene-0103,-35.621,14.5938,1,100.0,0.1919,-0.0019,80.0,16,20,0,0,0,0,0.1755,-0.0078
scene-0103_002,scene-0103,-35.489,14.2956,1,100.0,0.2398,0.0169,100.0,0,0,11,11,0,0,0.2277,0.0035
scene-0103_003,scene-0103,-35.365,14.2458,2,100.0,0.2965,0.0471,100.0,15,15,12,12,0,0,0.2634,0.0177
scene-0103_004,scene-0103,-35.788,14.7276,3,100.0,0.2615,0.0241,91.1392,69,69,3,10,0,0,0.2527,0.0258
scene-0103_005,scene-0103,-36.226,17.9745,2,100.0,0.2167,0.002,84.7826,78,92,0,0,0,0,0.1968,-0.0017
scene-0103_006,scene-0103,-36.662,16.349,2,100.0,0.2732,0.0556,100.0,0,0,33,33,0,0,0.2043,0.0078
scene-0103_007,scene-0103,-36.529,18.5391,2,100.0,0.2556,0.0431,100.0,101,101,11,11,0,0,0.2295,0.0176
scene-0103_008,scene-0103,-36.42,17.2498,2,100.0,0.2141,0.0251,70.6422,29,61,48,48,0,0,0.2232,0.0286
scene-0103_009,scene-0103,-35.747,15.0527,3,100.0,0.1376,0.0011,89.6552,49,58,29,29,0,0,0.1273,0.0007
scene-0103_010,scene-0103,-35.616,15.378,3,100.0,0.1438,0.0018,98.7179,0,0,77,78,0,0,0.1427,0.0078
scene-0103_011,scene-0103,-35.486,12.3365,3,100.0,0.1643,0.0075,95.6044,0,0,87,91,0,0,0.1487,0.006
scene-0103_012,scene-0103,-35.362,10.4162,3,100.0,0.1361,-0.0047,100.0,0,0,119,119,0,0,0.1377,0.0016
scene-0103_013,scene-0103,-34.621,8.4722,3,100.0,0.1235,-0.0072,100.0,160,160,16,16,0,0,0.1244,-0.0077
scene-0103_014,scene-0103,-34.495,6.2948,3,100.0,0.1491,-0.0062,100.0,261,261,26,26,0,0,0.1483,-0.0027
scene-0103_015,scene-0103,-34.381,4.4628,3,100.0,0.1377,-0.0012,99.1228,316,319,23,23,0,0,0.1315,-0.0089
scene-0103_016,scene-0103,-34.232,3.1237,2,99.3506,0.1271,0.0038,98.7013,304,308,0,0,0,0,0.1212,-0.0034
scene-0103_017,scene-0103,-34.33,2.8701,3,99.6441,0.1589,0.026,98.2206,249,254,27,27,0,0,0.1504,0.0164
scene-0103_018,scene-0103,-34.775,2.9021,4,100.0,0.1313,0.0177,98.0952,239,245,70,70,0,0,0.1291,0.0193
scene-0103_019,scene-0103,-35.184,3.2349,4,99.5763,0.1204,-0.0039,97.8814,74,79,157,157,0,0,0.1133,-0.0121
scene-0103_020,scene-0103,-35.616,3.9184,5,100.0,0.1235,-0.0001,97.7778,169,174,41,41,10,10,0.128,0.0022
scene-0103_021,scene-0103,-35.818,4.2724,5,100.0,0.1185,0.004,100.0,154,154,38,38,21,21,0.1103,0.0009
scene-0103_022,scene-0103,-37.76,5.4968,3,100.0,0.0935,-0.001,98.9418,161,163,0,0,26,26,0.088,-0.0054
scene-0103_023,scene-0103,-36.132,5.6928,4,100.0,0.1095,0.0057,97.1831,175,181,10,10,22,22,0.1102,0.0078
scene-0103_024,scene-0103,-35.993,6.7914,6,100.0,0.1263,0.0195,93.2203,108,120,18,18,39,39,0.1216,0.0179
scene-0103_025,scene-0103,-35.329,7.653,5,100.0,0.1119,0.014,97.6471,11,13,62,62,10,10,0.1177,0.0149
scene-0103_026,scene-0103,-35.202,7.7899,4,100.0,0.1384,0.0175,98.9474,0,0,79,80,15,15,0.1294,0.0165
scene-0103_027,scene-0103,-35.086,9.617,4,100.0,0.1332,0.0079,100.0,17,17,74,74,19,19,0.1444,0.0191
scene-0103_028,scene-0103,-34.646,9.369,4,100.0,0.1108,0.0032,100.0,0,0,102,102,23,23,0.1085,0.0003
scene-0103_029,scene-0103,-34.833,9.7048,4,100.0,0.1617,0.0125,98.1013,0,0,129,132,26,26,0.1649,0.0179
scene-0103_030,scene-0103,-34.73,10.6803,5,100.0,0.1591,0.0196,97.7064,66,66,104,109,43,43,0.1445,0.0103
scene-0103_031,scene-0103,-34.589,11.1056,6,100.0,0.1795,0.0216,96.2199,153,164,127,127,0,0,0.1662,0.0139
scene-0103_032,scene-0103,-34.462,11.8304,8,100.0,0.1432,0.0049,97.1787,167,176,133,133,10,10,0.1472,0.0058
scene-0103_033,scene-0103,-34.855,13.2842,6,100.0,0.1498,0.0064,95.8564,175,190,172,172,0,0,0.1427,0.0036
scene-0103_034,scene-0103,-35.341,13.2984,5,99.7579,0.1602,0.0268,96.1259,138,145,259,268,0,0,0.1575,0.0264
scene-0103_035,scene-0103,-35.302,14.1126,7,99.7382,0.167,0.01,92.4084,248,277,88,88,17,17,0.1517,0.0004
scene-0103_036,scene-0103,-35.645,14.8577,6,100.0,0.1687,-0.0002,93.8628,131,145,129,132,0,0,0.172,0.0087
scene-0103_037,scene-0103,-35.524,15.3417,5,99.6979,0.1646,0.0143,93.0514,258,281,50,50,0,0,0.1652,0.0108
scene-0103_038,scene-0103,-36.512,17.6294,7,99.7429,0.2047,0.0214,83.8046,199,262,127,127,0,0,0.1962,0.012
scene-0103_039,scene-0103,-35.823,15.2887,5,100.0,0.1919,0.0007,100.0,113,113,152,152,0,0,0.1969,0.0084
scene-1094_000,scene-1094,-35.659,0.1977,4,100.0,0.2658,0.0218,100.0,479,479,94,94,0,0,0.2624,0.0196
scene-1094_001,scene-1094,-35.521,0.1956,5,100.0,0.3262,0.0441,100.0,471,471,89,89,0,0,0.3239,0.044
scene-1094_002,scene-1094,-35.437,0.6397,6,100.0,0.3179,0.0345,100.0,454,454,84,84,0,0,0.3202,0.0354
scene-1094_003,scene-1094,-34.719,0.8027,6,100.0,0.2958,0.0212,99.8092,428,429,95,95,0,0,0.2963,0.0189
scene-1094_004,scene-1094,-34.599,1.3626,5,100.0,0.3304,0.019,99.6078,413,415,95,95,0,0,0.3259,0.0163
scene-1094_005,scene-1094,-35.025,2.081,5,100.0,0.3911,0.0451,99.635,427,429,119,119,0,0,0.3872,0.0487
scene-1094_006,scene-1094,-34.918,2.5771,5,100.0,0.3405,0.0213,100.0,415,415,135,135,0,0,0.3218,0.0043
scene-1094_007,scene-1094,-37.683,3.9225,3,100.0,0.3505,0.0207,99.8252,462,462,109,110,0,0,0.363,0.0243
scene-1094_008,scene-1094,-35.245,4.0871,5,100.0,0.3971,0.0379,99.5098,500,501,109,111,0,0,0.3949,0.0392
scene-1094_009,scene-1094,-35.631,4.5582,4,100.0,0.4039,0.0252,97.8622,317,326,95,95,0,0,0.4404,0.0508
scene-1094_010,scene-1094,-35.018,8.5953,6,100.0,0.3796,0.0363,98.7952,147,150,181,182,0,0,0.3531,0.0334
scene-1094_011,scene-1094,-34.853,12.2047,5,100.0,0.2836,0.0149,100.0,128,128,179,179,0,0,0.2883,0.0222
scene-1094_012,scene-1094,-35.276,17.5904,7,100.0,0.2263,0.0079,99.2629,206,206,198,201,0,0,0.2101,0.0085
scene-1094_013,scene-1094,-35.257,21.0777,8,100.0,0.2969,0.0222,98.9384,199,201,242,245,25,25,0.2715,0.0018
scene-1094_014,scene-1094,-35.573,22.5993,8,100.0,0.2202,0.0086,98.6159,275,279,268,272,27,27,0.1818,-0.0185
scene-1094_015,scene-1094,-35.995,22.8151,7,100.0,0.1587,0.007,92.9019,370,404,46,46,29,29,0.1631,0.0069
scene-1094_016,scene-1094,-37.0,12.7309,6,99.4118,0.2042,-0.0004,90.0,0,16,136,137,17,17,0.2103,0.0158
scene-1094_017,scene-1094,-37.959,10.9968,4,100.0,0.24,0.0163,100.0,0,0,129,129,0,0,0.2428,0.0141
scene-1094_018,scene-1094,-37.842,11.7899,3,100.0,0.2541,0.0234,96.8421,0,0,92,95,0,0,0.257,0.0296
scene-1094_019,scene-1094,-37.727,13.1054,4,100.0,0.2394,0.0104,99.115,19,20,93,93,0,0,0.245,0.015
scene-1094_020,scene-1094,-37.269,14.9577,3,100.0,0.2238,0.0094,96.3855,0,0,80,83,0,0,0.2171,0.0051
scene-1094_021,scene-1094,-36.582,13.0889,3,100.0,0.2282,0.0279,97.5,0,0,78,80,0,0,0.2064,0.0131
scene-1094_022,scene-1094,-36.463,14.2185,2,100.0,0.1799,0.0205,100.0,0,0,47,47,0,0,0.1813,0.0225
scene-1094_023,scene-1094,-39.535,14.9252,2,100.0,0.1706,0.0168,82.1429,5,10,18,18,0,0,0.1631,0.013
scene-1094_024,scene-1094,-34.889,14.0924,2,100.0,0.1761,0.0046,93.3333,0,0,42,45,0,0,0.1548,-0.0081
scene-1094_025,scene-1094,-34.766,14.8529,2,100.0,0.1931,0.0066,98.3607,18,19,42,42,0,0,0.1787,-0.0062
scene-1094_026,scene-1094,-34.626,15.0918,1,100.0,0.1428,0.0145,100.0,0,0,30,30,0,0,0.137,0.006
scene-1094_027,scene-1094,-35.095,17.6494,3,100.0,0.1501,-0.0061,96.875,33,35,29,29,0,0,0.1453,-0.0108
scene-1094_028,scene-1094,-35.502,16.1371,1,100.0,0.171,0.0094,93.8776,46,49,0,0,0,0,0.1624,0.0089
scene-1094_029,scene-1094,-35.44,15.3109,2,100.0,0.1448,0.0146,100.0,19,19,19,19,0,0,0.1323,0.0058
scene-1094_030,scene-1094,-35.245,16.1223,2,100.0,0.1051,0.0007,93.2432,37,42,0,0,32,32,0.091,-0.0127
scene-1094_031,scene-1094,-35.112,16.2503,1,100.0,0.1063,0.0114,100.0,0,0,0,0,47,47,0.0999,0.0029
scene-1094_032,scene-1094,-35.543,17.4705,1,100.0,0.1135,-0.0035,100.0,0,0,108,108,0,0,0.1273,0.0076
scene-1094_033,scene-1094,-35.994,19.0477,2,100.0,0.1418,0.0074,92.2222,66,73,17,17,0,0,0.1289,-0.0025
scene-1094_034,scene-1094,-35.86,22.1423,1,100.0,0.1547,0.0171,100.0,13,13,0,0,0,0,0.1413,0.0092
scene-1094_035,scene-1094,-35.423,21.3571,0,,0.1263,-0.0089,,0,0,0,0,0,0,0.1254,-0.005
scene-1094_036,scene-1094,-35.614,23.6295,1,100.0,0.1092,0.0031,100.0,0,0,0,0,17,17,0.112,0.0034
scene-1094_037,scene-1094,-36.027,21.8709,0,,0.1253,0.0071,,0,0,0,0,0,0,0.1168,0.0037
scene-1094_038,scene-1094,-35.901,23.9534,2,100.0,0.1447,0.0204,98.3333,0,0,59,60,0,0,0.1127,-0.0012
scene-1094_039,scene-1094,-35.228,23.8567,2,100.0,0.1713,0.0178,100.0,0,0,21,21,0,0,0.1669,0.0164
